from_id,to_id,relationship,from_type,to_type
JOB_000001,LOC_0234,LOCATED_IN,Job,Location
JOB_000002,LOC_0124,LOCATED_IN,Job,Location
JOB_000003,LOC_0002,LOCATED_IN,Job,Location
JOB_000004,LOC_0117,LOCATED_IN,Job,Location
JOB_000009,LOC_0117,LOCATED_IN,Job,Location
JOB_000011,LOC_0094,LOCATED_IN,Job,Location
JOB_000012,LOC_0235,LOCATED_IN,Job,Location
JOB_000013,LOC_0117,LOCATED_IN,Job,Location
JOB_000014,LOC_0117,LOCATED_IN,Job,Location
JOB_000015,LOC_0049,LOCATED_IN,Job,Location
JOB_000016,LOC_0157,LOCATED_IN,Job,Location
JOB_000017,LOC_0036,LOCATED_IN,Job,Location
JOB_000018,LOC_0094,LOCATED_IN,Job,Location
JOB_000029,LOC_0011,LOCATED_IN,Job,Location
JOB_000030,LOC_0010,LOCATED_IN,Job,Location
JOB_000031,LOC_0150,LOCATED_IN,Job,Location
JOB_000032,LOC_0029,LOCATED_IN,Job,Location
JOB_000033,LOC_0247,LOCATED_IN,Job,Location
JOB_000034,LOC_0032,LOCATED_IN,Job,Location
JOB_000035,LOC_0153,LOCATED_IN,Job,Location
JOB_000036,LOC_0117,LOCATED_IN,Job,Location
JOB_000038,LOC_0247,LOCATED_IN,Job,Location
JOB_000049,LOC_0014,LOCATED_IN,Job,Location
JOB_000050,LOC_0034,LOCATED_IN,Job,Location
JOB_000051,LOC_0181,LOCATED_IN,Job,Location
JOB_000052,LOC_0241,LOCATED_IN,Job,Location
JOB_000053,LOC_0071,LOCATED_IN,Job,Location
JOB_000054,LOC_0202,LOCATED_IN,Job,Location
JOB_000056,LOC_0117,LOCATED_IN,Job,Location
JOB_000057,LOC_0011,LOCATED_IN,Job,Location
JOB_000067,LOC_0069,LOCATED_IN,Job,Location
JOB_000069,LOC_0089,LOCATED_IN,Job,Location
JOB_000070,LOC_0180,LOCATED_IN,Job,Location
JOB_000071,LOC_0069,LOCATED_IN,Job,Location
JOB_000072,LOC_0045,LOCATED_IN,Job,Location
JOB_000073,LOC_0056,LOCATED_IN,Job,Location
JOB_000075,LOC_0011,LOCATED_IN,Job,Location
JOB_000079,LOC_0180,LOCATED_IN,Job,Location
JOB_000085,LOC_0069,LOCATED_IN,Job,Location
JOB_000088,LOC_0245,LOCATED_IN,Job,Location
JOB_000089,LOC_0218,LOCATED_IN,Job,Location
JOB_000090,LOC_0066,LOCATED_IN,Job,Location
JOB_000092,LOC_0225,LOCATED_IN,Job,Location
JOB_000093,LOC_0110,LOCATED_IN,Job,Location
JOB_000094,LOC_0005,LOCATED_IN,Job,Location
JOB_000095,LOC_0050,LOCATED_IN,Job,Location
JOB_000096,LOC_0117,LOCATED_IN,Job,Location
JOB_000097,LOC_0117,LOCATED_IN,Job,Location
JOB_000098,LOC_0025,LOCATED_IN,Job,Location
JOB_000100,LOC_0024,LOCATED_IN,Job,Location
JOB_000101,LOC_0013,LOCATED_IN,Job,Location
JOB_000102,LOC_0177,LOCATED_IN,Job,Location
JOB_000103,LOC_0117,LOCATED_IN,Job,Location
JOB_000104,LOC_0213,LOCATED_IN,Job,Location
JOB_000105,LOC_0131,LOCATED_IN,Job,Location
JOB_000106,LOC_0027,LOCATED_IN,Job,Location
JOB_000107,LOC_0113,LOCATED_IN,Job,Location
JOB_000108,LOC_0203,LOCATED_IN,Job,Location
JOB_000109,LOC_0052,LOCATED_IN,Job,Location
JOB_000110,LOC_0009,LOCATED_IN,Job,Location
JOB_000112,LOC_0098,LOCATED_IN,Job,Location
JOB_000113,LOC_0126,LOCATED_IN,Job,Location
JOB_000114,LOC_0109,LOCATED_IN,Job,Location
JOB_000116,LOC_0063,LOCATED_IN,Job,Location
JOB_000117,LOC_0212,LOCATED_IN,Job,Location
JOB_000118,LOC_0042,LOCATED_IN,Job,Location
JOB_000120,LOC_0110,LOCATED_IN,Job,Location
JOB_000121,LOC_0043,LOCATED_IN,Job,Location
JOB_000122,LOC_0148,LOCATED_IN,Job,Location
JOB_000123,LOC_0182,LOCATED_IN,Job,Location
JOB_000125,LOC_0227,LOCATED_IN,Job,Location
JOB_000127,LOC_0043,LOCATED_IN,Job,Location
JOB_000128,LOC_0117,LOCATED_IN,Job,Location
JOB_000129,LOC_0078,LOCATED_IN,Job,Location
JOB_000130,LOC_0110,LOCATED_IN,Job,Location
JOB_000131,LOC_0110,LOCATED_IN,Job,Location
JOB_000132,LOC_0152,LOCATED_IN,Job,Location
JOB_000133,LOC_0032,LOCATED_IN,Job,Location
JOB_000134,LOC_0124,LOCATED_IN,Job,Location
JOB_000136,LOC_0117,LOCATED_IN,Job,Location
JOB_000137,LOC_0007,LOCATED_IN,Job,Location
JOB_000138,LOC_0011,LOCATED_IN,Job,Location
JOB_000139,LOC_0117,LOCATED_IN,Job,Location
JOB_000140,LOC_0180,LOCATED_IN,Job,Location
JOB_000141,LOC_0140,LOCATED_IN,Job,Location
JOB_000142,LOC_0137,LOCATED_IN,Job,Location
JOB_000143,LOC_0195,LOCATED_IN,Job,Location
JOB_000144,LOC_0235,LOCATED_IN,Job,Location
JOB_000146,LOC_0081,LOCATED_IN,Job,Location
JOB_000147,LOC_0068,LOCATED_IN,Job,Location
JOB_000148,LOC_0167,LOCATED_IN,Job,Location
JOB_000149,LOC_0110,LOCATED_IN,Job,Location
JOB_000150,LOC_0060,LOCATED_IN,Job,Location
JOB_000151,LOC_0035,LOCATED_IN,Job,Location
JOB_000152,LOC_0117,LOCATED_IN,Job,Location
JOB_000154,LOC_0004,LOCATED_IN,Job,Location
JOB_000155,LOC_0148,LOCATED_IN,Job,Location
JOB_000156,LOC_0097,LOCATED_IN,Job,Location
JOB_000157,LOC_0068,LOCATED_IN,Job,Location
JOB_000158,LOC_0014,LOCATED_IN,Job,Location
JOB_000159,LOC_0243,LOCATED_IN,Job,Location
JOB_000160,LOC_0177,LOCATED_IN,Job,Location
JOB_000161,LOC_0023,LOCATED_IN,Job,Location
JOB_000162,LOC_0063,LOCATED_IN,Job,Location
JOB_000163,LOC_0134,LOCATED_IN,Job,Location
JOB_000164,LOC_0194,LOCATED_IN,Job,Location
JOB_000165,LOC_0203,LOCATED_IN,Job,Location
JOB_000176,LOC_0222,LOCATED_IN,Job,Location
JOB_000177,LOC_0252,LOCATED_IN,Job,Location
JOB_000178,LOC_0084,LOCATED_IN,Job,Location
JOB_000179,LOC_0206,LOCATED_IN,Job,Location
JOB_000180,LOC_0254,LOCATED_IN,Job,Location
JOB_000181,LOC_0084,LOCATED_IN,Job,Location
JOB_000182,LOC_0176,LOCATED_IN,Job,Location
JOB_000183,LOC_0027,LOCATED_IN,Job,Location
JOB_000184,LOC_0068,LOCATED_IN,Job,Location
JOB_000192,LOC_0027,LOCATED_IN,Job,Location
JOB_000203,LOC_0062,LOCATED_IN,Job,Location
JOB_000204,LOC_0183,LOCATED_IN,Job,Location
JOB_000205,LOC_0231,LOCATED_IN,Job,Location
JOB_000206,LOC_0234,LOCATED_IN,Job,Location
JOB_000207,LOC_0247,LOCATED_IN,Job,Location
JOB_000208,LOC_0148,LOCATED_IN,Job,Location
JOB_000209,LOC_0027,LOCATED_IN,Job,Location
JOB_000210,LOC_0142,LOCATED_IN,Job,Location
JOB_000211,LOC_0218,LOCATED_IN,Job,Location
JOB_000212,LOC_0235,LOCATED_IN,Job,Location
JOB_000213,LOC_0235,LOCATED_IN,Job,Location
JOB_000215,LOC_0038,LOCATED_IN,Job,Location
JOB_000216,LOC_0045,LOCATED_IN,Job,Location
JOB_000217,LOC_0057,LOCATED_IN,Job,Location
JOB_000218,LOC_0195,LOCATED_IN,Job,Location
JOB_000219,LOC_0103,LOCATED_IN,Job,Location
JOB_000220,LOC_0231,LOCATED_IN,Job,Location
JOB_000221,LOC_0219,LOCATED_IN,Job,Location
JOB_000222,LOC_0011,LOCATED_IN,Job,Location
JOB_000223,LOC_0207,LOCATED_IN,Job,Location
JOB_000224,LOC_0050,LOCATED_IN,Job,Location
JOB_000225,LOC_0084,LOCATED_IN,Job,Location
JOB_000226,LOC_0193,LOCATED_IN,Job,Location
JOB_000227,LOC_0117,LOCATED_IN,Job,Location
JOB_000229,LOC_0112,LOCATED_IN,Job,Location
JOB_000230,LOC_0163,LOCATED_IN,Job,Location
JOB_000231,LOC_0235,LOCATED_IN,Job,Location
JOB_000232,LOC_0190,LOCATED_IN,Job,Location
JOB_000233,LOC_0002,LOCATED_IN,Job,Location
JOB_000234,LOC_0216,LOCATED_IN,Job,Location
JOB_000235,LOC_0084,LOCATED_IN,Job,Location
JOB_000236,LOC_0180,LOCATED_IN,Job,Location
JOB_000246,LOC_0220,LOCATED_IN,Job,Location
JOB_000247,LOC_0124,LOCATED_IN,Job,Location
JOB_000248,LOC_0172,LOCATED_IN,Job,Location
JOB_000249,LOC_0011,LOCATED_IN,Job,Location
JOB_000250,LOC_0231,LOCATED_IN,Job,Location
JOB_000251,LOC_0127,LOCATED_IN,Job,Location
JOB_000252,LOC_0005,LOCATED_IN,Job,Location
JOB_000253,LOC_0020,LOCATED_IN,Job,Location
JOB_000254,LOC_0117,LOCATED_IN,Job,Location
JOB_000255,LOC_0069,LOCATED_IN,Job,Location
JOB_000256,LOC_0194,LOCATED_IN,Job,Location
JOB_000259,LOC_0235,LOCATED_IN,Job,Location
JOB_000260,LOC_0162,LOCATED_IN,Job,Location
JOB_000261,LOC_0118,LOCATED_IN,Job,Location
JOB_000262,LOC_0158,LOCATED_IN,Job,Location
JOB_000263,LOC_0027,LOCATED_IN,Job,Location
JOB_000265,LOC_0235,LOCATED_IN,Job,Location
JOB_000266,LOC_0235,LOCATED_IN,Job,Location
JOB_000267,LOC_0037,LOCATED_IN,Job,Location
JOB_000268,LOC_0117,LOCATED_IN,Job,Location
JOB_000270,LOC_0027,LOCATED_IN,Job,Location
JOB_000271,LOC_0009,LOCATED_IN,Job,Location
JOB_000272,LOC_0068,LOCATED_IN,Job,Location
JOB_000273,LOC_0215,LOCATED_IN,Job,Location
JOB_000274,LOC_0149,LOCATED_IN,Job,Location
JOB_000275,LOC_0080,LOCATED_IN,Job,Location
JOB_000277,LOC_0032,LOCATED_IN,Job,Location
JOB_000278,LOC_0183,LOCATED_IN,Job,Location
JOB_000280,LOC_0127,LOCATED_IN,Job,Location
JOB_000281,LOC_0138,LOCATED_IN,Job,Location
JOB_000282,LOC_0117,LOCATED_IN,Job,Location
JOB_000283,LOC_0234,LOCATED_IN,Job,Location
JOB_000284,LOC_0212,LOCATED_IN,Job,Location
JOB_000287,LOC_0084,LOCATED_IN,Job,Location
JOB_000289,LOC_0115,LOCATED_IN,Job,Location
JOB_000293,LOC_0127,LOCATED_IN,Job,Location
JOB_000294,LOC_0028,LOCATED_IN,Job,Location
JOB_000295,LOC_0234,LOCATED_IN,Job,Location
JOB_000296,LOC_0164,LOCATED_IN,Job,Location
JOB_000297,LOC_0090,LOCATED_IN,Job,Location
JOB_000298,LOC_0135,LOCATED_IN,Job,Location
JOB_000299,LOC_0011,LOCATED_IN,Job,Location
JOB_000300,LOC_0177,LOCATED_IN,Job,Location
JOB_000301,LOC_0148,LOCATED_IN,Job,Location
JOB_000302,LOC_0027,LOCATED_IN,Job,Location
JOB_000303,LOC_0148,LOCATED_IN,Job,Location
JOB_000304,LOC_0117,LOCATED_IN,Job,Location
JOB_000305,LOC_0210,LOCATED_IN,Job,Location
JOB_000306,LOC_0001,LOCATED_IN,Job,Location
JOB_000314,LOC_0117,LOCATED_IN,Job,Location
JOB_000317,LOC_0000,LOCATED_IN,Job,Location
JOB_000319,LOC_0232,LOCATED_IN,Job,Location
JOB_000320,LOC_0235,LOCATED_IN,Job,Location
JOB_000322,LOC_0234,LOCATED_IN,Job,Location
JOB_000323,LOC_0103,LOCATED_IN,Job,Location
JOB_000324,LOC_0125,LOCATED_IN,Job,Location
JOB_000325,LOC_0058,LOCATED_IN,Job,Location
JOB_000326,LOC_0117,LOCATED_IN,Job,Location
JOB_000327,LOC_0108,LOCATED_IN,Job,Location
JOB_000328,LOC_0183,LOCATED_IN,Job,Location
JOB_000329,LOC_0206,LOCATED_IN,Job,Location
JOB_000330,LOC_0003,LOCATED_IN,Job,Location
JOB_000331,LOC_0212,LOCATED_IN,Job,Location
JOB_000332,LOC_0021,LOCATED_IN,Job,Location
JOB_000333,LOC_0196,LOCATED_IN,Job,Location
JOB_000335,LOC_0254,LOCATED_IN,Job,Location
JOB_000337,LOC_0084,LOCATED_IN,Job,Location
JOB_000338,LOC_0256,LOCATED_IN,Job,Location
JOB_000340,LOC_0085,LOCATED_IN,Job,Location
JOB_000341,LOC_0087,LOCATED_IN,Job,Location
JOB_000342,LOC_0173,LOCATED_IN,Job,Location
JOB_000343,LOC_0225,LOCATED_IN,Job,Location
JOB_000345,LOC_0111,LOCATED_IN,Job,Location
JOB_000346,LOC_0027,LOCATED_IN,Job,Location
JOB_000348,LOC_0084,LOCATED_IN,Job,Location
JOB_000349,LOC_0215,LOCATED_IN,Job,Location
JOB_000350,LOC_0038,LOCATED_IN,Job,Location
JOB_000351,LOC_0068,LOCATED_IN,Job,Location
JOB_000352,LOC_0220,LOCATED_IN,Job,Location
JOB_000354,LOC_0063,LOCATED_IN,Job,Location
JOB_000368,LOC_0033,LOCATED_IN,Job,Location
JOB_000369,LOC_0131,LOCATED_IN,Job,Location
JOB_000370,LOC_0084,LOCATED_IN,Job,Location
JOB_000371,LOC_0042,LOCATED_IN,Job,Location
JOB_000372,LOC_0097,LOCATED_IN,Job,Location
JOB_000373,LOC_0098,LOCATED_IN,Job,Location
JOB_000374,LOC_0198,LOCATED_IN,Job,Location
JOB_000375,LOC_0117,LOCATED_IN,Job,Location
JOB_000376,LOC_0205,LOCATED_IN,Job,Location
JOB_000377,LOC_0009,LOCATED_IN,Job,Location
JOB_000379,LOC_0163,LOCATED_IN,Job,Location
JOB_000380,LOC_0117,LOCATED_IN,Job,Location
JOB_000381,LOC_0119,LOCATED_IN,Job,Location
JOB_000382,LOC_0027,LOCATED_IN,Job,Location
JOB_000383,LOC_0203,LOCATED_IN,Job,Location
JOB_000385,LOC_0117,LOCATED_IN,Job,Location
JOB_000387,LOC_0009,LOCATED_IN,Job,Location
JOB_000396,LOC_0075,LOCATED_IN,Job,Location
JOB_000399,LOC_0042,LOCATED_IN,Job,Location
JOB_000401,LOC_0163,LOCATED_IN,Job,Location
JOB_000402,LOC_0193,LOCATED_IN,Job,Location
JOB_000403,LOC_0212,LOCATED_IN,Job,Location
JOB_000404,LOC_0012,LOCATED_IN,Job,Location
JOB_000405,LOC_0117,LOCATED_IN,Job,Location
JOB_000406,LOC_0218,LOCATED_IN,Job,Location
JOB_000408,LOC_0148,LOCATED_IN,Job,Location
JOB_000409,LOC_0117,LOCATED_IN,Job,Location
JOB_000410,LOC_0096,LOCATED_IN,Job,Location
JOB_000411,LOC_0042,LOCATED_IN,Job,Location
JOB_000412,LOC_0163,LOCATED_IN,Job,Location
JOB_000413,LOC_0162,LOCATED_IN,Job,Location
JOB_000414,LOC_0110,LOCATED_IN,Job,Location
JOB_000415,LOC_0057,LOCATED_IN,Job,Location
JOB_000416,LOC_0183,LOCATED_IN,Job,Location
JOB_000417,LOC_0249,LOCATED_IN,Job,Location
JOB_000418,LOC_0227,LOCATED_IN,Job,Location
JOB_000419,LOC_0029,LOCATED_IN,Job,Location
JOB_000421,LOC_0235,LOCATED_IN,Job,Location
JOB_000422,LOC_0235,LOCATED_IN,Job,Location
JOB_000424,LOC_0229,LOCATED_IN,Job,Location
JOB_000426,LOC_0212,LOCATED_IN,Job,Location
JOB_000428,LOC_0234,LOCATED_IN,Job,Location
JOB_000429,LOC_0021,LOCATED_IN,Job,Location
JOB_000430,LOC_0117,LOCATED_IN,Job,Location
JOB_000431,LOC_0099,LOCATED_IN,Job,Location
JOB_000432,LOC_0117,LOCATED_IN,Job,Location
JOB_000433,LOC_0010,LOCATED_IN,Job,Location
JOB_000434,LOC_0205,LOCATED_IN,Job,Location
JOB_000436,LOC_0068,LOCATED_IN,Job,Location
JOB_000437,LOC_0206,LOCATED_IN,Job,Location
JOB_000438,LOC_0235,LOCATED_IN,Job,Location
JOB_000439,LOC_0219,LOCATED_IN,Job,Location
JOB_000440,LOC_0235,LOCATED_IN,Job,Location
JOB_000442,LOC_0090,LOCATED_IN,Job,Location
JOB_000443,LOC_0163,LOCATED_IN,Job,Location
JOB_000444,LOC_0114,LOCATED_IN,Job,Location
JOB_000445,LOC_0163,LOCATED_IN,Job,Location
JOB_000447,LOC_0053,LOCATED_IN,Job,Location
JOB_000448,LOC_0148,LOCATED_IN,Job,Location
JOB_000449,LOC_0244,LOCATED_IN,Job,Location
JOB_000451,LOC_0057,LOCATED_IN,Job,Location
JOB_000452,LOC_0190,LOCATED_IN,Job,Location
JOB_000453,LOC_0235,LOCATED_IN,Job,Location
JOB_000454,LOC_0231,LOCATED_IN,Job,Location
JOB_000455,LOC_0148,LOCATED_IN,Job,Location
JOB_000456,LOC_0234,LOCATED_IN,Job,Location
JOB_000457,LOC_0011,LOCATED_IN,Job,Location
JOB_000458,LOC_0117,LOCATED_IN,Job,Location
JOB_000459,LOC_0120,LOCATED_IN,Job,Location
JOB_000460,LOC_0042,LOCATED_IN,Job,Location
JOB_000461,LOC_0060,LOCATED_IN,Job,Location
JOB_000462,LOC_0062,LOCATED_IN,Job,Location
JOB_000463,LOC_0032,LOCATED_IN,Job,Location
JOB_000464,LOC_0068,LOCATED_IN,Job,Location
JOB_000466,LOC_0054,LOCATED_IN,Job,Location
JOB_000467,LOC_0127,LOCATED_IN,Job,Location
JOB_000468,LOC_0235,LOCATED_IN,Job,Location
JOB_000469,LOC_0117,LOCATED_IN,Job,Location
JOB_000470,LOC_0191,LOCATED_IN,Job,Location
JOB_000471,LOC_0019,LOCATED_IN,Job,Location
JOB_000472,LOC_0027,LOCATED_IN,Job,Location
JOB_000473,LOC_0181,LOCATED_IN,Job,Location
JOB_000474,LOC_0117,LOCATED_IN,Job,Location
JOB_000475,LOC_0163,LOCATED_IN,Job,Location
JOB_000476,LOC_0146,LOCATED_IN,Job,Location
JOB_000477,LOC_0143,LOCATED_IN,Job,Location
JOB_000478,LOC_0158,LOCATED_IN,Job,Location
JOB_000488,LOC_0131,LOCATED_IN,Job,Location
JOB_000491,LOC_0192,LOCATED_IN,Job,Location
JOB_000493,LOC_0011,LOCATED_IN,Job,Location
JOB_000494,LOC_0167,LOCATED_IN,Job,Location
JOB_000496,LOC_0235,LOCATED_IN,Job,Location
JOB_000497,LOC_0098,LOCATED_IN,Job,Location
JOB_000498,LOC_0061,LOCATED_IN,Job,Location
JOB_000500,LOC_0250,LOCATED_IN,Job,Location
JOB_000501,LOC_0148,LOCATED_IN,Job,Location
JOB_000503,LOC_0234,LOCATED_IN,Job,Location
JOB_000505,LOC_0194,LOCATED_IN,Job,Location
JOB_000507,LOC_0117,LOCATED_IN,Job,Location
JOB_000508,LOC_0117,LOCATED_IN,Job,Location
JOB_000510,LOC_0016,LOCATED_IN,Job,Location
JOB_000511,LOC_0131,LOCATED_IN,Job,Location
JOB_000512,LOC_0053,LOCATED_IN,Job,Location
JOB_000513,LOC_0117,LOCATED_IN,Job,Location
JOB_000514,LOC_0058,LOCATED_IN,Job,Location
JOB_000515,LOC_0027,LOCATED_IN,Job,Location
JOB_000516,LOC_0017,LOCATED_IN,Job,Location
JOB_000517,LOC_0103,LOCATED_IN,Job,Location
JOB_000518,LOC_0148,LOCATED_IN,Job,Location
JOB_000519,LOC_0234,LOCATED_IN,Job,Location
JOB_000520,LOC_0148,LOCATED_IN,Job,Location
JOB_000521,LOC_0068,LOCATED_IN,Job,Location
JOB_000522,LOC_0172,LOCATED_IN,Job,Location
JOB_000523,LOC_0247,LOCATED_IN,Job,Location
JOB_000524,LOC_0092,LOCATED_IN,Job,Location
JOB_000526,LOC_0079,LOCATED_IN,Job,Location
JOB_000527,LOC_0185,LOCATED_IN,Job,Location
JOB_000529,LOC_0035,LOCATED_IN,Job,Location
JOB_000531,LOC_0117,LOCATED_IN,Job,Location
JOB_000534,LOC_0213,LOCATED_IN,Job,Location
JOB_000535,LOC_0234,LOCATED_IN,Job,Location
JOB_000536,LOC_0127,LOCATED_IN,Job,Location
JOB_000537,LOC_0016,LOCATED_IN,Job,Location
JOB_000538,LOC_0222,LOCATED_IN,Job,Location
JOB_000540,LOC_0046,LOCATED_IN,Job,Location
JOB_000541,LOC_0178,LOCATED_IN,Job,Location
JOB_000542,LOC_0214,LOCATED_IN,Job,Location
JOB_000543,LOC_0203,LOCATED_IN,Job,Location
JOB_000544,LOC_0237,LOCATED_IN,Job,Location
JOB_000545,LOC_0127,LOCATED_IN,Job,Location
JOB_000546,LOC_0120,LOCATED_IN,Job,Location
JOB_000553,LOC_0084,LOCATED_IN,Job,Location
JOB_000563,LOC_0239,LOCATED_IN,Job,Location
JOB_000566,LOC_0093,LOCATED_IN,Job,Location
JOB_000567,LOC_0142,LOCATED_IN,Job,Location
JOB_000568,LOC_0008,LOCATED_IN,Job,Location
JOB_000569,LOC_0084,LOCATED_IN,Job,Location
JOB_000570,LOC_0184,LOCATED_IN,Job,Location
JOB_000571,LOC_0042,LOCATED_IN,Job,Location
JOB_000572,LOC_0120,LOCATED_IN,Job,Location
JOB_000574,LOC_0046,LOCATED_IN,Job,Location
JOB_000582,LOC_0120,LOCATED_IN,Job,Location
JOB_000583,LOC_0011,LOCATED_IN,Job,Location
JOB_000584,LOC_0169,LOCATED_IN,Job,Location
JOB_000585,LOC_0117,LOCATED_IN,Job,Location
JOB_000586,LOC_0194,LOCATED_IN,Job,Location
JOB_000587,LOC_0077,LOCATED_IN,Job,Location
JOB_000589,LOC_0038,LOCATED_IN,Job,Location
JOB_000590,LOC_0128,LOCATED_IN,Job,Location
JOB_000592,LOC_0059,LOCATED_IN,Job,Location
JOB_000593,LOC_0044,LOCATED_IN,Job,Location
JOB_000594,LOC_0065,LOCATED_IN,Job,Location
JOB_000595,LOC_0177,LOCATED_IN,Job,Location
JOB_000596,LOC_0051,LOCATED_IN,Job,Location
JOB_000597,LOC_0165,LOCATED_IN,Job,Location
JOB_000598,LOC_0234,LOCATED_IN,Job,Location
JOB_000599,LOC_0168,LOCATED_IN,Job,Location
JOB_000601,LOC_0177,LOCATED_IN,Job,Location
JOB_000603,LOC_0027,LOCATED_IN,Job,Location
JOB_000604,LOC_0146,LOCATED_IN,Job,Location
JOB_000605,LOC_0189,LOCATED_IN,Job,Location
JOB_000606,LOC_0159,LOCATED_IN,Job,Location
JOB_000607,LOC_0148,LOCATED_IN,Job,Location
JOB_000608,LOC_0179,LOCATED_IN,Job,Location
JOB_000609,LOC_0144,LOCATED_IN,Job,Location
JOB_000611,LOC_0242,LOCATED_IN,Job,Location
JOB_000612,LOC_0011,LOCATED_IN,Job,Location
JOB_000613,LOC_0132,LOCATED_IN,Job,Location
JOB_000616,LOC_0086,LOCATED_IN,Job,Location
JOB_000617,LOC_0091,LOCATED_IN,Job,Location
JOB_000619,LOC_0116,LOCATED_IN,Job,Location
JOB_000621,LOC_0067,LOCATED_IN,Job,Location
JOB_000622,LOC_0139,LOCATED_IN,Job,Location
JOB_000623,LOC_0117,LOCATED_IN,Job,Location
JOB_000624,LOC_0117,LOCATED_IN,Job,Location
JOB_000626,LOC_0183,LOCATED_IN,Job,Location
JOB_000627,LOC_0243,LOCATED_IN,Job,Location
JOB_000638,LOC_0074,LOCATED_IN,Job,Location
JOB_000639,LOC_0206,LOCATED_IN,Job,Location
JOB_000640,LOC_0164,LOCATED_IN,Job,Location
JOB_000641,LOC_0255,LOCATED_IN,Job,Location
JOB_000642,LOC_0187,LOCATED_IN,Job,Location
JOB_000644,LOC_0011,LOCATED_IN,Job,Location
JOB_000645,LOC_0215,LOCATED_IN,Job,Location
JOB_000646,LOC_0106,LOCATED_IN,Job,Location
JOB_000658,LOC_0117,LOCATED_IN,Job,Location
JOB_000660,LOC_0212,LOCATED_IN,Job,Location
JOB_000661,LOC_0154,LOCATED_IN,Job,Location
JOB_000662,LOC_0094,LOCATED_IN,Job,Location
JOB_000663,LOC_0166,LOCATED_IN,Job,Location
JOB_000664,LOC_0110,LOCATED_IN,Job,Location
JOB_000665,LOC_0142,LOCATED_IN,Job,Location
JOB_000666,LOC_0137,LOCATED_IN,Job,Location
JOB_000667,LOC_0200,LOCATED_IN,Job,Location
JOB_000669,LOC_0062,LOCATED_IN,Job,Location
JOB_000670,LOC_0170,LOCATED_IN,Job,Location
JOB_000671,LOC_0235,LOCATED_IN,Job,Location
JOB_000672,LOC_0136,LOCATED_IN,Job,Location
JOB_000673,LOC_0090,LOCATED_IN,Job,Location
JOB_000674,LOC_0235,LOCATED_IN,Job,Location
JOB_000677,LOC_0145,LOCATED_IN,Job,Location
JOB_000678,LOC_0030,LOCATED_IN,Job,Location
JOB_000679,LOC_0160,LOCATED_IN,Job,Location
JOB_000681,LOC_0042,LOCATED_IN,Job,Location
JOB_000682,LOC_0039,LOCATED_IN,Job,Location
JOB_000683,LOC_0118,LOCATED_IN,Job,Location
JOB_000684,LOC_0117,LOCATED_IN,Job,Location
JOB_000686,LOC_0079,LOCATED_IN,Job,Location
JOB_000687,LOC_0178,LOCATED_IN,Job,Location
JOB_000688,LOC_0101,LOCATED_IN,Job,Location
JOB_000689,LOC_0212,LOCATED_IN,Job,Location
JOB_000690,LOC_0032,LOCATED_IN,Job,Location
JOB_000691,LOC_0177,LOCATED_IN,Job,Location
JOB_000692,LOC_0204,LOCATED_IN,Job,Location
JOB_000693,LOC_0011,LOCATED_IN,Job,Location
JOB_000694,LOC_0062,LOCATED_IN,Job,Location
JOB_000695,LOC_0240,LOCATED_IN,Job,Location
JOB_000696,LOC_0090,LOCATED_IN,Job,Location
JOB_000697,LOC_0129,LOCATED_IN,Job,Location
JOB_000698,LOC_0133,LOCATED_IN,Job,Location
JOB_000699,LOC_0206,LOCATED_IN,Job,Location
JOB_000702,LOC_0117,LOCATED_IN,Job,Location
JOB_000703,LOC_0032,LOCATED_IN,Job,Location
JOB_000704,LOC_0227,LOCATED_IN,Job,Location
JOB_000705,LOC_0247,LOCATED_IN,Job,Location
JOB_000707,LOC_0204,LOCATED_IN,Job,Location
JOB_000708,LOC_0237,LOCATED_IN,Job,Location
JOB_000716,LOC_0107,LOCATED_IN,Job,Location
JOB_000717,LOC_0123,LOCATED_IN,Job,Location
JOB_000718,LOC_0186,LOCATED_IN,Job,Location
JOB_000719,LOC_0018,LOCATED_IN,Job,Location
JOB_000720,LOC_0040,LOCATED_IN,Job,Location
JOB_000721,LOC_0235,LOCATED_IN,Job,Location
JOB_000722,LOC_0188,LOCATED_IN,Job,Location
JOB_000723,LOC_0212,LOCATED_IN,Job,Location
JOB_000724,LOC_0208,LOCATED_IN,Job,Location
JOB_000731,LOC_0183,LOCATED_IN,Job,Location
JOB_000732,LOC_0068,LOCATED_IN,Job,Location
JOB_000733,LOC_0123,LOCATED_IN,Job,Location
JOB_000734,LOC_0141,LOCATED_IN,Job,Location
JOB_000736,LOC_0254,LOCATED_IN,Job,Location
JOB_000737,LOC_0231,LOCATED_IN,Job,Location
JOB_000739,LOC_0148,LOCATED_IN,Job,Location
JOB_000740,LOC_0047,LOCATED_IN,Job,Location
JOB_000751,LOC_0231,LOCATED_IN,Job,Location
JOB_000752,LOC_0175,LOCATED_IN,Job,Location
JOB_000754,LOC_0199,LOCATED_IN,Job,Location
JOB_000755,LOC_0069,LOCATED_IN,Job,Location
JOB_000756,LOC_0041,LOCATED_IN,Job,Location
JOB_000757,LOC_0127,LOCATED_IN,Job,Location
JOB_000758,LOC_0076,LOCATED_IN,Job,Location
JOB_000760,LOC_0138,LOCATED_IN,Job,Location
JOB_000762,LOC_0117,LOCATED_IN,Job,Location
JOB_000763,LOC_0109,LOCATED_IN,Job,Location
JOB_000764,LOC_0009,LOCATED_IN,Job,Location
JOB_000765,LOC_0191,LOCATED_IN,Job,Location
JOB_000766,LOC_0230,LOCATED_IN,Job,Location
JOB_000767,LOC_0070,LOCATED_IN,Job,Location
JOB_000769,LOC_0090,LOCATED_IN,Job,Location
JOB_000770,LOC_0048,LOCATED_IN,Job,Location
JOB_000771,LOC_0042,LOCATED_IN,Job,Location
JOB_000772,LOC_0072,LOCATED_IN,Job,Location
JOB_000773,LOC_0117,LOCATED_IN,Job,Location
JOB_000774,LOC_0235,LOCATED_IN,Job,Location
JOB_000775,LOC_0058,LOCATED_IN,Job,Location
JOB_000776,LOC_0216,LOCATED_IN,Job,Location
JOB_000777,LOC_0105,LOCATED_IN,Job,Location
JOB_000778,LOC_0197,LOCATED_IN,Job,Location
JOB_000779,LOC_0068,LOCATED_IN,Job,Location
JOB_000781,LOC_0117,LOCATED_IN,Job,Location
JOB_000782,LOC_0069,LOCATED_IN,Job,Location
JOB_000784,LOC_0247,LOCATED_IN,Job,Location
JOB_000785,LOC_0086,LOCATED_IN,Job,Location
JOB_000786,LOC_0141,LOCATED_IN,Job,Location
JOB_000787,LOC_0117,LOCATED_IN,Job,Location
JOB_000788,LOC_0156,LOCATED_IN,Job,Location
JOB_000789,LOC_0215,LOCATED_IN,Job,Location
JOB_000790,LOC_0117,LOCATED_IN,Job,Location
JOB_000791,LOC_0104,LOCATED_IN,Job,Location
JOB_000792,LOC_0140,LOCATED_IN,Job,Location
JOB_000794,LOC_0015,LOCATED_IN,Job,Location
JOB_000795,LOC_0111,LOCATED_IN,Job,Location
JOB_000796,LOC_0117,LOCATED_IN,Job,Location
JOB_000797,LOC_0102,LOCATED_IN,Job,Location
JOB_000807,LOC_0209,LOCATED_IN,Job,Location
JOB_000808,LOC_0148,LOCATED_IN,Job,Location
JOB_000809,LOC_0042,LOCATED_IN,Job,Location
JOB_000810,LOC_0210,LOCATED_IN,Job,Location
JOB_000811,LOC_0155,LOCATED_IN,Job,Location
JOB_000812,LOC_0042,LOCATED_IN,Job,Location
JOB_000815,LOC_0256,LOCATED_IN,Job,Location
JOB_000825,LOC_0193,LOCATED_IN,Job,Location
JOB_000826,LOC_0211,LOCATED_IN,Job,Location
JOB_000827,LOC_0127,LOCATED_IN,Job,Location
JOB_000828,LOC_0208,LOCATED_IN,Job,Location
JOB_000831,LOC_0110,LOCATED_IN,Job,Location
JOB_000832,LOC_0047,LOCATED_IN,Job,Location
JOB_000833,LOC_0251,LOCATED_IN,Job,Location
JOB_000834,LOC_0011,LOCATED_IN,Job,Location
JOB_000845,LOC_0201,LOCATED_IN,Job,Location
JOB_000846,LOC_0117,LOCATED_IN,Job,Location
JOB_000847,LOC_0236,LOCATED_IN,Job,Location
JOB_000848,LOC_0171,LOCATED_IN,Job,Location
JOB_000849,LOC_0100,LOCATED_IN,Job,Location
JOB_000851,LOC_0233,LOCATED_IN,Job,Location
JOB_000852,LOC_0092,LOCATED_IN,Job,Location
JOB_000853,LOC_0032,LOCATED_IN,Job,Location
JOB_000854,LOC_0055,LOCATED_IN,Job,Location
JOB_000860,LOC_0130,LOCATED_IN,Job,Location
JOB_000862,LOC_0092,LOCATED_IN,Job,Location
JOB_000865,LOC_0040,LOCATED_IN,Job,Location
JOB_000867,LOC_0095,LOCATED_IN,Job,Location
JOB_000868,LOC_0177,LOCATED_IN,Job,Location
JOB_000869,LOC_0148,LOCATED_IN,Job,Location
JOB_000870,LOC_0110,LOCATED_IN,Job,Location
JOB_000871,LOC_0042,LOCATED_IN,Job,Location
JOB_000872,LOC_0082,LOCATED_IN,Job,Location
JOB_000873,LOC_0253,LOCATED_IN,Job,Location
JOB_000874,LOC_0117,LOCATED_IN,Job,Location
JOB_000875,LOC_0040,LOCATED_IN,Job,Location
JOB_000879,LOC_0148,LOCATED_IN,Job,Location
JOB_000886,LOC_0203,LOCATED_IN,Job,Location
JOB_000887,LOC_0153,LOCATED_IN,Job,Location
JOB_000888,LOC_0031,LOCATED_IN,Job,Location
JOB_000889,LOC_0026,LOCATED_IN,Job,Location
JOB_000891,LOC_0005,LOCATED_IN,Job,Location
JOB_000892,LOC_0013,LOCATED_IN,Job,Location
JOB_000893,LOC_0188,LOCATED_IN,Job,Location
JOB_000894,LOC_0138,LOCATED_IN,Job,Location
JOB_000900,LOC_0027,LOCATED_IN,Job,Location
JOB_000905,LOC_0222,LOCATED_IN,Job,Location
JOB_000906,LOC_0140,LOCATED_IN,Job,Location
JOB_000907,LOC_0177,LOCATED_IN,Job,Location
JOB_000908,LOC_0148,LOCATED_IN,Job,Location
JOB_000909,LOC_0223,LOCATED_IN,Job,Location
JOB_000911,LOC_0138,LOCATED_IN,Job,Location
JOB_000912,LOC_0117,LOCATED_IN,Job,Location
JOB_000913,LOC_0122,LOCATED_IN,Job,Location
JOB_000914,LOC_0177,LOCATED_IN,Job,Location
JOB_000917,LOC_0227,LOCATED_IN,Job,Location
JOB_000919,LOC_0124,LOCATED_IN,Job,Location
JOB_000922,LOC_0167,LOCATED_IN,Job,Location
JOB_000924,LOC_0128,LOCATED_IN,Job,Location
JOB_000936,LOC_0177,LOCATED_IN,Job,Location
JOB_000937,LOC_0174,LOCATED_IN,Job,Location
JOB_000938,LOC_0088,LOCATED_IN,Job,Location
JOB_000940,LOC_0117,LOCATED_IN,Job,Location
JOB_000942,LOC_0188,LOCATED_IN,Job,Location
JOB_000955,LOC_0068,LOCATED_IN,Job,Location
JOB_000956,LOC_0235,LOCATED_IN,Job,Location
JOB_000959,LOC_0235,LOCATED_IN,Job,Location
JOB_000960,LOC_0131,LOCATED_IN,Job,Location
JOB_000962,LOC_0255,LOCATED_IN,Job,Location
JOB_000963,LOC_0161,LOCATED_IN,Job,Location
JOB_000964,LOC_0022,LOCATED_IN,Job,Location
JOB_000975,LOC_0042,LOCATED_IN,Job,Location
JOB_000978,LOC_0118,LOCATED_IN,Job,Location
JOB_000979,LOC_0224,LOCATED_IN,Job,Location
JOB_000984,LOC_0217,LOCATED_IN,Job,Location
JOB_000989,LOC_0224,LOCATED_IN,Job,Location
JOB_000995,LOC_0020,LOCATED_IN,Job,Location
JOB_000996,LOC_0083,LOCATED_IN,Job,Location
JOB_000997,LOC_0235,LOCATED_IN,Job,Location
JOB_000999,LOC_0241,LOCATED_IN,Job,Location
JOB_001000,LOC_0114,LOCATED_IN,Job,Location
JOB_001002,LOC_0163,LOCATED_IN,Job,Location
JOB_001003,LOC_0226,LOCATED_IN,Job,Location
JOB_001015,LOC_0220,LOCATED_IN,Job,Location
JOB_001016,LOC_0234,LOCATED_IN,Job,Location
JOB_001017,LOC_0234,LOCATED_IN,Job,Location
JOB_001019,LOC_0005,LOCATED_IN,Job,Location
JOB_001021,LOC_0151,LOCATED_IN,Job,Location
JOB_001022,LOC_0041,LOCATED_IN,Job,Location
JOB_001023,LOC_0026,LOCATED_IN,Job,Location
JOB_001028,LOC_0221,LOCATED_IN,Job,Location
JOB_001029,LOC_0117,LOCATED_IN,Job,Location
JOB_001030,LOC_0029,LOCATED_IN,Job,Location
JOB_001031,LOC_0121,LOCATED_IN,Job,Location
JOB_001032,LOC_0195,LOCATED_IN,Job,Location
JOB_001034,LOC_0228,LOCATED_IN,Job,Location
JOB_001035,LOC_0222,LOCATED_IN,Job,Location
JOB_001036,LOC_0138,LOCATED_IN,Job,Location
JOB_001038,LOC_0148,LOCATED_IN,Job,Location
JOB_001039,LOC_0256,LOCATED_IN,Job,Location
JOB_001040,LOC_0027,LOCATED_IN,Job,Location
JOB_001050,LOC_0064,LOCATED_IN,Job,Location
JOB_001053,LOC_0222,LOCATED_IN,Job,Location
JOB_001054,LOC_0147,LOCATED_IN,Job,Location
JOB_001056,LOC_0027,LOCATED_IN,Job,Location
JOB_001057,LOC_0162,LOCATED_IN,Job,Location
JOB_001058,LOC_0246,LOCATED_IN,Job,Location
JOB_001059,LOC_0117,LOCATED_IN,Job,Location
JOB_001060,LOC_0238,LOCATED_IN,Job,Location
JOB_001061,LOC_0108,LOCATED_IN,Job,Location
JOB_001062,LOC_0148,LOCATED_IN,Job,Location
JOB_001063,LOC_0123,LOCATED_IN,Job,Location
JOB_001064,LOC_0114,LOCATED_IN,Job,Location
JOB_001065,LOC_0011,LOCATED_IN,Job,Location
JOB_001076,LOC_0197,LOCATED_IN,Job,Location
JOB_001077,LOC_0248,LOCATED_IN,Job,Location
JOB_001078,LOC_0205,LOCATED_IN,Job,Location
JOB_001079,LOC_0084,LOCATED_IN,Job,Location
JOB_001080,LOC_0127,LOCATED_IN,Job,Location
JOB_001081,LOC_0234,LOCATED_IN,Job,Location
JOB_001082,LOC_0235,LOCATED_IN,Job,Location
JOB_001083,LOC_0110,LOCATED_IN,Job,Location
JOB_001084,LOC_0073,LOCATED_IN,Job,Location
JOB_001085,LOC_0027,LOCATED_IN,Job,Location
JOB_001089,LOC_0247,LOCATED_IN,Job,Location
JOB_001090,LOC_0048,LOCATED_IN,Job,Location
JOB_001091,LOC_0163,LOCATED_IN,Job,Location
JOB_001092,LOC_0011,LOCATED_IN,Job,Location
JOB_001093,LOC_0040,LOCATED_IN,Job,Location
JOB_001094,LOC_0006,LOCATED_IN,Job,Location
JOB_001095,LOC_0231,LOCATED_IN,Job,Location
JOB_000001,DEPT_0166,IN_DEPARTMENT,Job,Department
JOB_000002,DEPT_0021,IN_DEPARTMENT,Job,Department
JOB_000003,DEPT_0173,IN_DEPARTMENT,Job,Department
JOB_000004,DEPT_0049,IN_DEPARTMENT,Job,Department
JOB_000009,DEPT_0037,IN_DEPARTMENT,Job,Department
JOB_000011,DEPT_0075,IN_DEPARTMENT,Job,Department
JOB_000012,DEPT_0047,IN_DEPARTMENT,Job,Department
JOB_000013,DEPT_0053,IN_DEPARTMENT,Job,Department
JOB_000014,DEPT_0240,IN_DEPARTMENT,Job,Department
JOB_000015,DEPT_0002,IN_DEPARTMENT,Job,Department
JOB_000016,DEPT_0050,IN_DEPARTMENT,Job,Department
JOB_000017,DEPT_0221,IN_DEPARTMENT,Job,Department
JOB_000018,DEPT_0074,IN_DEPARTMENT,Job,Department
JOB_000029,DEPT_0066,IN_DEPARTMENT,Job,Department
JOB_000030,DEPT_0233,IN_DEPARTMENT,Job,Department
JOB_000031,DEPT_0038,IN_DEPARTMENT,Job,Department
JOB_000032,DEPT_0026,IN_DEPARTMENT,Job,Department
JOB_000033,DEPT_0010,IN_DEPARTMENT,Job,Department
JOB_000034,DEPT_0085,IN_DEPARTMENT,Job,Department
JOB_000035,DEPT_0137,IN_DEPARTMENT,Job,Department
JOB_000036,DEPT_0038,IN_DEPARTMENT,Job,Department
JOB_000038,DEPT_0148,IN_DEPARTMENT,Job,Department
JOB_000049,DEPT_0079,IN_DEPARTMENT,Job,Department
JOB_000050,DEPT_0019,IN_DEPARTMENT,Job,Department
JOB_000051,DEPT_0085,IN_DEPARTMENT,Job,Department
JOB_000052,DEPT_0028,IN_DEPARTMENT,Job,Department
JOB_000053,DEPT_0031,IN_DEPARTMENT,Job,Department
JOB_000054,DEPT_0126,IN_DEPARTMENT,Job,Department
JOB_000056,DEPT_0059,IN_DEPARTMENT,Job,Department
JOB_000057,DEPT_0163,IN_DEPARTMENT,Job,Department
JOB_000067,DEPT_0214,IN_DEPARTMENT,Job,Department
JOB_000069,DEPT_0237,IN_DEPARTMENT,Job,Department
JOB_000070,DEPT_0133,IN_DEPARTMENT,Job,Department
JOB_000071,DEPT_0192,IN_DEPARTMENT,Job,Department
JOB_000072,DEPT_0038,IN_DEPARTMENT,Job,Department
JOB_000073,DEPT_0257,IN_DEPARTMENT,Job,Department
JOB_000075,DEPT_0137,IN_DEPARTMENT,Job,Department
JOB_000079,DEPT_0133,IN_DEPARTMENT,Job,Department
JOB_000085,DEPT_0136,IN_DEPARTMENT,Job,Department
JOB_000088,DEPT_0084,IN_DEPARTMENT,Job,Department
JOB_000089,DEPT_0155,IN_DEPARTMENT,Job,Department
JOB_000090,DEPT_0257,IN_DEPARTMENT,Job,Department
JOB_000092,DEPT_0257,IN_DEPARTMENT,Job,Department
JOB_000093,DEPT_0137,IN_DEPARTMENT,Job,Department
JOB_000094,DEPT_0219,IN_DEPARTMENT,Job,Department
JOB_000095,DEPT_0257,IN_DEPARTMENT,Job,Department
JOB_000096,DEPT_0015,IN_DEPARTMENT,Job,Department
JOB_000097,DEPT_0110,IN_DEPARTMENT,Job,Department
JOB_000098,DEPT_0257,IN_DEPARTMENT,Job,Department
JOB_000100,DEPT_0129,IN_DEPARTMENT,Job,Department
JOB_000101,DEPT_0139,IN_DEPARTMENT,Job,Department
JOB_000102,DEPT_0045,IN_DEPARTMENT,Job,Department
JOB_000103,DEPT_0185,IN_DEPARTMENT,Job,Department
JOB_000104,DEPT_0084,IN_DEPARTMENT,Job,Department
JOB_000105,DEPT_0181,IN_DEPARTMENT,Job,Department
JOB_000106,DEPT_0257,IN_DEPARTMENT,Job,Department
JOB_000107,DEPT_0210,IN_DEPARTMENT,Job,Department
JOB_000108,DEPT_0131,IN_DEPARTMENT,Job,Department
JOB_000109,DEPT_0264,IN_DEPARTMENT,Job,Department
JOB_000110,DEPT_0093,IN_DEPARTMENT,Job,Department
JOB_000112,DEPT_0083,IN_DEPARTMENT,Job,Department
JOB_000113,DEPT_0092,IN_DEPARTMENT,Job,Department
JOB_000114,DEPT_0013,IN_DEPARTMENT,Job,Department
JOB_000116,DEPT_0257,IN_DEPARTMENT,Job,Department
JOB_000117,DEPT_0028,IN_DEPARTMENT,Job,Department
JOB_000118,DEPT_0006,IN_DEPARTMENT,Job,Department
JOB_000120,DEPT_0065,IN_DEPARTMENT,Job,Department
JOB_000121,DEPT_0257,IN_DEPARTMENT,Job,Department
JOB_000122,DEPT_0052,IN_DEPARTMENT,Job,Department
JOB_000123,DEPT_0257,IN_DEPARTMENT,Job,Department
JOB_000125,DEPT_0257,IN_DEPARTMENT,Job,Department
JOB_000127,DEPT_0014,IN_DEPARTMENT,Job,Department
JOB_000128,DEPT_0210,IN_DEPARTMENT,Job,Department
JOB_000129,DEPT_0015,IN_DEPARTMENT,Job,Department
JOB_000130,DEPT_0035,IN_DEPARTMENT,Job,Department
JOB_000131,DEPT_0081,IN_DEPARTMENT,Job,Department
JOB_000132,DEPT_0213,IN_DEPARTMENT,Job,Department
JOB_000133,DEPT_0220,IN_DEPARTMENT,Job,Department
JOB_000134,DEPT_0166,IN_DEPARTMENT,Job,Department
JOB_000136,DEPT_0060,IN_DEPARTMENT,Job,Department
JOB_000137,DEPT_0209,IN_DEPARTMENT,Job,Department
JOB_000138,DEPT_0110,IN_DEPARTMENT,Job,Department
JOB_000139,DEPT_0257,IN_DEPARTMENT,Job,Department
JOB_000140,DEPT_0110,IN_DEPARTMENT,Job,Department
JOB_000141,DEPT_0228,IN_DEPARTMENT,Job,Department
JOB_000142,DEPT_0227,IN_DEPARTMENT,Job,Department
JOB_000143,DEPT_0257,IN_DEPARTMENT,Job,Department
JOB_000144,DEPT_0257,IN_DEPARTMENT,Job,Department
JOB_000146,DEPT_0017,IN_DEPARTMENT,Job,Department
JOB_000147,DEPT_0226,IN_DEPARTMENT,Job,Department
JOB_000148,DEPT_0081,IN_DEPARTMENT,Job,Department
JOB_000149,DEPT_0063,IN_DEPARTMENT,Job,Department
JOB_000150,DEPT_0208,IN_DEPARTMENT,Job,Department
JOB_000151,DEPT_0257,IN_DEPARTMENT,Job,Department
JOB_000152,DEPT_0018,IN_DEPARTMENT,Job,Department
JOB_000154,DEPT_0128,IN_DEPARTMENT,Job,Department
JOB_000155,DEPT_0247,IN_DEPARTMENT,Job,Department
JOB_000156,DEPT_0071,IN_DEPARTMENT,Job,Department
JOB_000157,DEPT_0257,IN_DEPARTMENT,Job,Department
JOB_000158,DEPT_0102,IN_DEPARTMENT,Job,Department
JOB_000159,DEPT_0054,IN_DEPARTMENT,Job,Department
JOB_000160,DEPT_0024,IN_DEPARTMENT,Job,Department
JOB_000161,DEPT_0032,IN_DEPARTMENT,Job,Department
JOB_000162,DEPT_0257,IN_DEPARTMENT,Job,Department
JOB_000163,DEPT_0164,IN_DEPARTMENT,Job,Department
JOB_000164,DEPT_0153,IN_DEPARTMENT,Job,Department
JOB_000165,DEPT_0218,IN_DEPARTMENT,Job,Department
JOB_000176,DEPT_0137,IN_DEPARTMENT,Job,Department
JOB_000177,DEPT_0178,IN_DEPARTMENT,Job,Department
JOB_000178,DEPT_0218,IN_DEPARTMENT,Job,Department
JOB_000179,DEPT_0041,IN_DEPARTMENT,Job,Department
JOB_000180,DEPT_0216,IN_DEPARTMENT,Job,Department
JOB_000181,DEPT_0218,IN_DEPARTMENT,Job,Department
JOB_000182,DEPT_0043,IN_DEPARTMENT,Job,Department
JOB_000183,DEPT_0102,IN_DEPARTMENT,Job,Department
JOB_000184,DEPT_0052,IN_DEPARTMENT,Job,Department
JOB_000192,DEPT_0102,IN_DEPARTMENT,Job,Department
JOB_000203,DEPT_0257,IN_DEPARTMENT,Job,Department
JOB_000204,DEPT_0217,IN_DEPARTMENT,Job,Department
JOB_000205,DEPT_0257,IN_DEPARTMENT,Job,Department
JOB_000206,DEPT_0218,IN_DEPARTMENT,Job,Department
JOB_000207,DEPT_0093,IN_DEPARTMENT,Job,Department
JOB_000208,DEPT_0102,IN_DEPARTMENT,Job,Department
JOB_000209,DEPT_0097,IN_DEPARTMENT,Job,Department
JOB_000210,DEPT_0154,IN_DEPARTMENT,Job,Department
JOB_000211,DEPT_0061,IN_DEPARTMENT,Job,Department
JOB_000212,DEPT_0102,IN_DEPARTMENT,Job,Department
JOB_000213,DEPT_0061,IN_DEPARTMENT,Job,Department
JOB_000215,DEPT_0068,IN_DEPARTMENT,Job,Department
JOB_000216,DEPT_0196,IN_DEPARTMENT,Job,Department
JOB_000217,DEPT_0015,IN_DEPARTMENT,Job,Department
JOB_000218,DEPT_0162,IN_DEPARTMENT,Job,Department
JOB_000219,DEPT_0257,IN_DEPARTMENT,Job,Department
JOB_000220,DEPT_0253,IN_DEPARTMENT,Job,Department
JOB_000221,DEPT_0061,IN_DEPARTMENT,Job,Department
JOB_000222,DEPT_0257,IN_DEPARTMENT,Job,Department
JOB_000223,DEPT_0265,IN_DEPARTMENT,Job,Department
JOB_000224,DEPT_0257,IN_DEPARTMENT,Job,Department
JOB_000225,DEPT_0118,IN_DEPARTMENT,Job,Department
JOB_000226,DEPT_0102,IN_DEPARTMENT,Job,Department
JOB_000227,DEPT_0241,IN_DEPARTMENT,Job,Department
JOB_000229,DEPT_0262,IN_DEPARTMENT,Job,Department
JOB_000230,DEPT_0081,IN_DEPARTMENT,Job,Department
JOB_000231,DEPT_0255,IN_DEPARTMENT,Job,Department
JOB_000232,DEPT_0209,IN_DEPARTMENT,Job,Department
JOB_000233,DEPT_0173,IN_DEPARTMENT,Job,Department
JOB_000234,DEPT_0240,IN_DEPARTMENT,Job,Department
JOB_000235,DEPT_0202,IN_DEPARTMENT,Job,Department
JOB_000236,DEPT_0133,IN_DEPARTMENT,Job,Department
JOB_000246,DEPT_0187,IN_DEPARTMENT,Job,Department
JOB_000247,DEPT_0114,IN_DEPARTMENT,Job,Department
JOB_000248,DEPT_0203,IN_DEPARTMENT,Job,Department
JOB_000249,DEPT_0222,IN_DEPARTMENT,Job,Department
JOB_000250,DEPT_0252,IN_DEPARTMENT,Job,Department
JOB_000251,DEPT_0132,IN_DEPARTMENT,Job,Department
JOB_000252,DEPT_0257,IN_DEPARTMENT,Job,Department
JOB_000253,DEPT_0097,IN_DEPARTMENT,Job,Department
JOB_000254,DEPT_0240,IN_DEPARTMENT,Job,Department
JOB_000255,DEPT_0240,IN_DEPARTMENT,Job,Department
JOB_000256,DEPT_0169,IN_DEPARTMENT,Job,Department
JOB_000259,DEPT_0218,IN_DEPARTMENT,Job,Department
JOB_000260,DEPT_0138,IN_DEPARTMENT,Job,Department
JOB_000261,DEPT_0257,IN_DEPARTMENT,Job,Department
JOB_000262,DEPT_0240,IN_DEPARTMENT,Job,Department
JOB_000263,DEPT_0121,IN_DEPARTMENT,Job,Department
JOB_000265,DEPT_0116,IN_DEPARTMENT,Job,Department
JOB_000266,DEPT_0155,IN_DEPARTMENT,Job,Department
JOB_000267,DEPT_0191,IN_DEPARTMENT,Job,Department
JOB_000268,DEPT_0257,IN_DEPARTMENT,Job,Department
JOB_000270,DEPT_0090,IN_DEPARTMENT,Job,Department
JOB_000271,DEPT_0076,IN_DEPARTMENT,Job,Department
JOB_000272,DEPT_0153,IN_DEPARTMENT,Job,Department
JOB_000273,DEPT_0257,IN_DEPARTMENT,Job,Department
JOB_000274,DEPT_0257,IN_DEPARTMENT,Job,Department
JOB_000275,DEPT_0144,IN_DEPARTMENT,Job,Department
JOB_000277,DEPT_0045,IN_DEPARTMENT,Job,Department
JOB_000278,DEPT_0061,IN_DEPARTMENT,Job,Department
JOB_000280,DEPT_0132,IN_DEPARTMENT,Job,Department
JOB_000281,DEPT_0159,IN_DEPARTMENT,Job,Department
JOB_000282,DEPT_0190,IN_DEPARTMENT,Job,Department
JOB_000283,DEPT_0152,IN_DEPARTMENT,Job,Department
JOB_000284,DEPT_0240,IN_DEPARTMENT,Job,Department
JOB_000287,DEPT_0102,IN_DEPARTMENT,Job,Department
JOB_000289,DEPT_0143,IN_DEPARTMENT,Job,Department
JOB_000293,DEPT_0132,IN_DEPARTMENT,Job,Department
JOB_000294,DEPT_0102,IN_DEPARTMENT,Job,Department
JOB_000295,DEPT_0102,IN_DEPARTMENT,Job,Department
JOB_000296,DEPT_0052,IN_DEPARTMENT,Job,Department
JOB_000297,DEPT_0078,IN_DEPARTMENT,Job,Department
JOB_000298,DEPT_0102,IN_DEPARTMENT,Job,Department
JOB_000299,DEPT_0257,IN_DEPARTMENT,Job,Department
JOB_000300,DEPT_0024,IN_DEPARTMENT,Job,Department
JOB_000301,DEPT_0244,IN_DEPARTMENT,Job,Department
JOB_000302,DEPT_0254,IN_DEPARTMENT,Job,Department
JOB_000303,DEPT_0052,IN_DEPARTMENT,Job,Department
JOB_000304,DEPT_0073,IN_DEPARTMENT,Job,Department
JOB_000305,DEPT_0204,IN_DEPARTMENT,Job,Department
JOB_000306,DEPT_0160,IN_DEPARTMENT,Job,Department
JOB_000314,DEPT_0073,IN_DEPARTMENT,Job,Department
JOB_000317,DEPT_0166,IN_DEPARTMENT,Job,Department
JOB_000319,DEPT_0257,IN_DEPARTMENT,Job,Department
JOB_000320,DEPT_0157,IN_DEPARTMENT,Job,Department
JOB_000322,DEPT_0251,IN_DEPARTMENT,Job,Department
JOB_000323,DEPT_0102,IN_DEPARTMENT,Job,Department
JOB_000324,DEPT_0257,IN_DEPARTMENT,Job,Department
JOB_000325,DEPT_0102,IN_DEPARTMENT,Job,Department
JOB_000326,DEPT_0102,IN_DEPARTMENT,Job,Department
JOB_000327,DEPT_0110,IN_DEPARTMENT,Job,Department
JOB_000328,DEPT_0257,IN_DEPARTMENT,Job,Department
JOB_000329,DEPT_0137,IN_DEPARTMENT,Job,Department
JOB_000330,DEPT_0204,IN_DEPARTMENT,Job,Department
JOB_000331,DEPT_0257,IN_DEPARTMENT,Job,Department
JOB_000332,DEPT_0077,IN_DEPARTMENT,Job,Department
JOB_000333,DEPT_0240,IN_DEPARTMENT,Job,Department
JOB_000335,DEPT_0257,IN_DEPARTMENT,Job,Department
JOB_000337,DEPT_0137,IN_DEPARTMENT,Job,Department
JOB_000338,DEPT_0091,IN_DEPARTMENT,Job,Department
JOB_000340,DEPT_0257,IN_DEPARTMENT,Job,Department
JOB_000341,DEPT_0257,IN_DEPARTMENT,Job,Department
JOB_000342,DEPT_0025,IN_DEPARTMENT,Job,Department
JOB_000343,DEPT_0257,IN_DEPARTMENT,Job,Department
JOB_000345,DEPT_0105,IN_DEPARTMENT,Job,Department
JOB_000346,DEPT_0187,IN_DEPARTMENT,Job,Department
JOB_000348,DEPT_0209,IN_DEPARTMENT,Job,Department
JOB_000349,DEPT_0257,IN_DEPARTMENT,Job,Department
JOB_000350,DEPT_0081,IN_DEPARTMENT,Job,Department
JOB_000351,DEPT_0082,IN_DEPARTMENT,Job,Department
JOB_000352,DEPT_0137,IN_DEPARTMENT,Job,Department
JOB_000354,DEPT_0126,IN_DEPARTMENT,Job,Department
JOB_000368,DEPT_0029,IN_DEPARTMENT,Job,Department
JOB_000369,DEPT_0201,IN_DEPARTMENT,Job,Department
JOB_000370,DEPT_0137,IN_DEPARTMENT,Job,Department
JOB_000371,DEPT_0110,IN_DEPARTMENT,Job,Department
JOB_000372,DEPT_0071,IN_DEPARTMENT,Job,Department
JOB_000373,DEPT_0083,IN_DEPARTMENT,Job,Department
JOB_000374,DEPT_0209,IN_DEPARTMENT,Job,Department
JOB_000375,DEPT_0030,IN_DEPARTMENT,Job,Department
JOB_000376,DEPT_0257,IN_DEPARTMENT,Job,Department
JOB_000377,DEPT_0076,IN_DEPARTMENT,Job,Department
JOB_000379,DEPT_0081,IN_DEPARTMENT,Job,Department
JOB_000380,DEPT_0238,IN_DEPARTMENT,Job,Department
JOB_000381,DEPT_0085,IN_DEPARTMENT,Job,Department
JOB_000382,DEPT_0131,IN_DEPARTMENT,Job,Department
JOB_000383,DEPT_0218,IN_DEPARTMENT,Job,Department
JOB_000385,DEPT_0187,IN_DEPARTMENT,Job,Department
JOB_000387,DEPT_0076,IN_DEPARTMENT,Job,Department
JOB_000396,DEPT_0071,IN_DEPARTMENT,Job,Department
JOB_000399,DEPT_0001,IN_DEPARTMENT,Job,Department
JOB_000401,DEPT_0236,IN_DEPARTMENT,Job,Department
JOB_000402,DEPT_0102,IN_DEPARTMENT,Job,Department
JOB_000403,DEPT_0081,IN_DEPARTMENT,Job,Department
JOB_000404,DEPT_0081,IN_DEPARTMENT,Job,Department
JOB_000405,DEPT_0022,IN_DEPARTMENT,Job,Department
JOB_000406,DEPT_0081,IN_DEPARTMENT,Job,Department
JOB_000408,DEPT_0102,IN_DEPARTMENT,Job,Department
JOB_000409,DEPT_0081,IN_DEPARTMENT,Job,Department
JOB_000410,DEPT_0081,IN_DEPARTMENT,Job,Department
JOB_000411,DEPT_0223,IN_DEPARTMENT,Job,Department
JOB_000412,DEPT_0081,IN_DEPARTMENT,Job,Department
JOB_000413,DEPT_0102,IN_DEPARTMENT,Job,Department
JOB_000414,DEPT_0081,IN_DEPARTMENT,Job,Department
JOB_000415,DEPT_0257,IN_DEPARTMENT,Job,Department
JOB_000416,DEPT_0218,IN_DEPARTMENT,Job,Department
JOB_000417,DEPT_0071,IN_DEPARTMENT,Job,Department
JOB_000418,DEPT_0257,IN_DEPARTMENT,Job,Department
JOB_000419,DEPT_0261,IN_DEPARTMENT,Job,Department
JOB_000421,DEPT_0044,IN_DEPARTMENT,Job,Department
JOB_000422,DEPT_0102,IN_DEPARTMENT,Job,Department
JOB_000424,DEPT_0225,IN_DEPARTMENT,Job,Department
JOB_000426,DEPT_0078,IN_DEPARTMENT,Job,Department
JOB_000428,DEPT_0242,IN_DEPARTMENT,Job,Department
JOB_000429,DEPT_0077,IN_DEPARTMENT,Job,Department
JOB_000430,DEPT_0081,IN_DEPARTMENT,Job,Department
JOB_000431,DEPT_0078,IN_DEPARTMENT,Job,Department
JOB_000432,DEPT_0182,IN_DEPARTMENT,Job,Department
JOB_000433,DEPT_0233,IN_DEPARTMENT,Job,Department
JOB_000434,DEPT_0102,IN_DEPARTMENT,Job,Department
JOB_000436,DEPT_0052,IN_DEPARTMENT,Job,Department
JOB_000437,DEPT_0259,IN_DEPARTMENT,Job,Department
JOB_000438,DEPT_0244,IN_DEPARTMENT,Job,Department
JOB_000439,DEPT_0115,IN_DEPARTMENT,Job,Department
JOB_000440,DEPT_0110,IN_DEPARTMENT,Job,Department
JOB_000442,DEPT_0078,IN_DEPARTMENT,Job,Department
JOB_000443,DEPT_0071,IN_DEPARTMENT,Job,Department
JOB_000444,DEPT_0102,IN_DEPARTMENT,Job,Department
JOB_000445,DEPT_0187,IN_DEPARTMENT,Job,Department
JOB_000447,DEPT_0071,IN_DEPARTMENT,Job,Department
JOB_000448,DEPT_0257,IN_DEPARTMENT,Job,Department
JOB_000449,DEPT_0204,IN_DEPARTMENT,Job,Department
JOB_000451,DEPT_0078,IN_DEPARTMENT,Job,Department
JOB_000452,DEPT_0209,IN_DEPARTMENT,Job,Department
JOB_000453,DEPT_0187,IN_DEPARTMENT,Job,Department
JOB_000454,DEPT_0023,IN_DEPARTMENT,Job,Department
JOB_000455,DEPT_0247,IN_DEPARTMENT,Job,Department
JOB_000456,DEPT_0251,IN_DEPARTMENT,Job,Department
JOB_000457,DEPT_0117,IN_DEPARTMENT,Job,Department
JOB_000458,DEPT_0042,IN_DEPARTMENT,Job,Department
JOB_000459,DEPT_0232,IN_DEPARTMENT,Job,Department
JOB_000460,DEPT_0071,IN_DEPARTMENT,Job,Department
JOB_000461,DEPT_0208,IN_DEPARTMENT,Job,Department
JOB_000462,DEPT_0078,IN_DEPARTMENT,Job,Department
JOB_000463,DEPT_0220,IN_DEPARTMENT,Job,Department
JOB_000464,DEPT_0257,IN_DEPARTMENT,Job,Department
JOB_000466,DEPT_0102,IN_DEPARTMENT,Job,Department
JOB_000467,DEPT_0132,IN_DEPARTMENT,Job,Department
JOB_000468,DEPT_0000,IN_DEPARTMENT,Job,Department
JOB_000469,DEPT_0102,IN_DEPARTMENT,Job,Department
JOB_000470,DEPT_0140,IN_DEPARTMENT,Job,Department
JOB_000471,DEPT_0095,IN_DEPARTMENT,Job,Department
JOB_000472,DEPT_0072,IN_DEPARTMENT,Job,Department
JOB_000473,DEPT_0231,IN_DEPARTMENT,Job,Department
JOB_000474,DEPT_0257,IN_DEPARTMENT,Job,Department
JOB_000475,DEPT_0240,IN_DEPARTMENT,Job,Department
JOB_000476,DEPT_0257,IN_DEPARTMENT,Job,Department
JOB_000477,DEPT_0187,IN_DEPARTMENT,Job,Department
JOB_000478,DEPT_0240,IN_DEPARTMENT,Job,Department
JOB_000488,DEPT_0181,IN_DEPARTMENT,Job,Department
JOB_000491,DEPT_0257,IN_DEPARTMENT,Job,Department
JOB_000493,DEPT_0257,IN_DEPARTMENT,Job,Department
JOB_000494,DEPT_0081,IN_DEPARTMENT,Job,Department
JOB_000496,DEPT_0009,IN_DEPARTMENT,Job,Department
JOB_000497,DEPT_0083,IN_DEPARTMENT,Job,Department
JOB_000498,DEPT_0195,IN_DEPARTMENT,Job,Department
JOB_000500,DEPT_0040,IN_DEPARTMENT,Job,Department
JOB_000501,DEPT_0165,IN_DEPARTMENT,Job,Department
JOB_000503,DEPT_0257,IN_DEPARTMENT,Job,Department
JOB_000505,DEPT_0170,IN_DEPARTMENT,Job,Department
JOB_000507,DEPT_0073,IN_DEPARTMENT,Job,Department
JOB_000508,DEPT_0241,IN_DEPARTMENT,Job,Department
JOB_000510,DEPT_0212,IN_DEPARTMENT,Job,Department
JOB_000511,DEPT_0085,IN_DEPARTMENT,Job,Department
JOB_000512,DEPT_0061,IN_DEPARTMENT,Job,Department
JOB_000513,DEPT_0155,IN_DEPARTMENT,Job,Department
JOB_000514,DEPT_0102,IN_DEPARTMENT,Job,Department
JOB_000515,DEPT_0102,IN_DEPARTMENT,Job,Department
JOB_000516,DEPT_0109,IN_DEPARTMENT,Job,Department
JOB_000517,DEPT_0102,IN_DEPARTMENT,Job,Department
JOB_000518,DEPT_0158,IN_DEPARTMENT,Job,Department
JOB_000519,DEPT_0104,IN_DEPARTMENT,Job,Department
JOB_000520,DEPT_0052,IN_DEPARTMENT,Job,Department
JOB_000521,DEPT_0257,IN_DEPARTMENT,Job,Department
JOB_000522,DEPT_0203,IN_DEPARTMENT,Job,Department
JOB_000523,DEPT_0111,IN_DEPARTMENT,Job,Department
JOB_000524,DEPT_0188,IN_DEPARTMENT,Job,Department
JOB_000526,DEPT_0186,IN_DEPARTMENT,Job,Department
JOB_000527,DEPT_0029,IN_DEPARTMENT,Job,Department
JOB_000529,DEPT_0257,IN_DEPARTMENT,Job,Department
JOB_000531,DEPT_0257,IN_DEPARTMENT,Job,Department
JOB_000534,DEPT_0084,IN_DEPARTMENT,Job,Department
JOB_000535,DEPT_0218,IN_DEPARTMENT,Job,Department
JOB_000536,DEPT_0120,IN_DEPARTMENT,Job,Department
JOB_000537,DEPT_0128,IN_DEPARTMENT,Job,Department
JOB_000538,DEPT_0128,IN_DEPARTMENT,Job,Department
JOB_000540,DEPT_0055,IN_DEPARTMENT,Job,Department
JOB_000541,DEPT_0147,IN_DEPARTMENT,Job,Department
JOB_000542,DEPT_0034,IN_DEPARTMENT,Job,Department
JOB_000543,DEPT_0218,IN_DEPARTMENT,Job,Department
JOB_000544,DEPT_0102,IN_DEPARTMENT,Job,Department
JOB_000545,DEPT_0257,IN_DEPARTMENT,Job,Department
JOB_000546,DEPT_0012,IN_DEPARTMENT,Job,Department
JOB_000553,DEPT_0126,IN_DEPARTMENT,Job,Department
JOB_000563,DEPT_0257,IN_DEPARTMENT,Job,Department
JOB_000566,DEPT_0099,IN_DEPARTMENT,Job,Department
JOB_000567,DEPT_0134,IN_DEPARTMENT,Job,Department
JOB_000568,DEPT_0257,IN_DEPARTMENT,Job,Department
JOB_000569,DEPT_0137,IN_DEPARTMENT,Job,Department
JOB_000570,DEPT_0257,IN_DEPARTMENT,Job,Department
JOB_000571,DEPT_0128,IN_DEPARTMENT,Job,Department
JOB_000572,DEPT_0232,IN_DEPARTMENT,Job,Department
JOB_000574,DEPT_0055,IN_DEPARTMENT,Job,Department
JOB_000582,DEPT_0232,IN_DEPARTMENT,Job,Department
JOB_000583,DEPT_0124,IN_DEPARTMENT,Job,Department
JOB_000584,DEPT_0257,IN_DEPARTMENT,Job,Department
JOB_000585,DEPT_0177,IN_DEPARTMENT,Job,Department
JOB_000586,DEPT_0087,IN_DEPARTMENT,Job,Department
JOB_000587,DEPT_0048,IN_DEPARTMENT,Job,Department
JOB_000589,DEPT_0128,IN_DEPARTMENT,Job,Department
JOB_000590,DEPT_0150,IN_DEPARTMENT,Job,Department
JOB_000592,DEPT_0260,IN_DEPARTMENT,Job,Department
JOB_000593,DEPT_0234,IN_DEPARTMENT,Job,Department
JOB_000594,DEPT_0123,IN_DEPARTMENT,Job,Department
JOB_000595,DEPT_0013,IN_DEPARTMENT,Job,Department
JOB_000596,DEPT_0008,IN_DEPARTMENT,Job,Department
JOB_000597,DEPT_0175,IN_DEPARTMENT,Job,Department
JOB_000598,DEPT_0193,IN_DEPARTMENT,Job,Department
JOB_000599,DEPT_0127,IN_DEPARTMENT,Job,Department
JOB_000601,DEPT_0125,IN_DEPARTMENT,Job,Department
JOB_000603,DEPT_0145,IN_DEPARTMENT,Job,Department
JOB_000604,DEPT_0257,IN_DEPARTMENT,Job,Department
JOB_000605,DEPT_0257,IN_DEPARTMENT,Job,Department
JOB_000606,DEPT_0128,IN_DEPARTMENT,Job,Department
JOB_000607,DEPT_0122,IN_DEPARTMENT,Job,Department
JOB_000608,DEPT_0218,IN_DEPARTMENT,Job,Department
JOB_000609,DEPT_0064,IN_DEPARTMENT,Job,Department
JOB_000611,DEPT_0098,IN_DEPARTMENT,Job,Department
JOB_000612,DEPT_0257,IN_DEPARTMENT,Job,Department
JOB_000613,DEPT_0166,IN_DEPARTMENT,Job,Department
JOB_000616,DEPT_0102,IN_DEPARTMENT,Job,Department
JOB_000617,DEPT_0176,IN_DEPARTMENT,Job,Department
JOB_000619,DEPT_0155,IN_DEPARTMENT,Job,Department
JOB_000621,DEPT_0033,IN_DEPARTMENT,Job,Department
JOB_000622,DEPT_0230,IN_DEPARTMENT,Job,Department
JOB_000623,DEPT_0257,IN_DEPARTMENT,Job,Department
JOB_000624,DEPT_0198,IN_DEPARTMENT,Job,Department
JOB_000626,DEPT_0166,IN_DEPARTMENT,Job,Department
JOB_000627,DEPT_0054,IN_DEPARTMENT,Job,Department
JOB_000638,DEPT_0107,IN_DEPARTMENT,Job,Department
JOB_000639,DEPT_0041,IN_DEPARTMENT,Job,Department
JOB_000640,DEPT_0052,IN_DEPARTMENT,Job,Department
JOB_000641,DEPT_0060,IN_DEPARTMENT,Job,Department
JOB_000642,DEPT_0218,IN_DEPARTMENT,Job,Department
JOB_000644,DEPT_0257,IN_DEPARTMENT,Job,Department
JOB_000645,DEPT_0197,IN_DEPARTMENT,Job,Department
JOB_000646,DEPT_0172,IN_DEPARTMENT,Job,Department
JOB_000658,DEPT_0046,IN_DEPARTMENT,Job,Department
JOB_000660,DEPT_0257,IN_DEPARTMENT,Job,Department
JOB_000661,DEPT_0070,IN_DEPARTMENT,Job,Department
JOB_000662,DEPT_0128,IN_DEPARTMENT,Job,Department
JOB_000663,DEPT_0062,IN_DEPARTMENT,Job,Department
JOB_000664,DEPT_0064,IN_DEPARTMENT,Job,Department
JOB_000665,DEPT_0154,IN_DEPARTMENT,Job,Department
JOB_000666,DEPT_0227,IN_DEPARTMENT,Job,Department
JOB_000667,DEPT_0118,IN_DEPARTMENT,Job,Department
JOB_000669,DEPT_0257,IN_DEPARTMENT,Job,Department
JOB_000670,DEPT_0218,IN_DEPARTMENT,Job,Department
JOB_000671,DEPT_0002,IN_DEPARTMENT,Job,Department
JOB_000672,DEPT_0229,IN_DEPARTMENT,Job,Department
JOB_000673,DEPT_0205,IN_DEPARTMENT,Job,Department
JOB_000674,DEPT_0040,IN_DEPARTMENT,Job,Department
JOB_000677,DEPT_0004,IN_DEPARTMENT,Job,Department
JOB_000678,DEPT_0036,IN_DEPARTMENT,Job,Department
JOB_000679,DEPT_0100,IN_DEPARTMENT,Job,Department
JOB_000681,DEPT_0161,IN_DEPARTMENT,Job,Department
JOB_000682,DEPT_0174,IN_DEPARTMENT,Job,Department
JOB_000683,DEPT_0168,IN_DEPARTMENT,Job,Department
JOB_000684,DEPT_0167,IN_DEPARTMENT,Job,Department
JOB_000686,DEPT_0141,IN_DEPARTMENT,Job,Department
JOB_000687,DEPT_0039,IN_DEPARTMENT,Job,Department
JOB_000688,DEPT_0128,IN_DEPARTMENT,Job,Department
JOB_000689,DEPT_0248,IN_DEPARTMENT,Job,Department
JOB_000690,DEPT_0171,IN_DEPARTMENT,Job,Department
JOB_000691,DEPT_0052,IN_DEPARTMENT,Job,Department
JOB_000692,DEPT_0218,IN_DEPARTMENT,Job,Department
JOB_000693,DEPT_0128,IN_DEPARTMENT,Job,Department
JOB_000694,DEPT_0257,IN_DEPARTMENT,Job,Department
JOB_000695,DEPT_0257,IN_DEPARTMENT,Job,Department
JOB_000696,DEPT_0128,IN_DEPARTMENT,Job,Department
JOB_000697,DEPT_0207,IN_DEPARTMENT,Job,Department
JOB_000698,DEPT_0249,IN_DEPARTMENT,Job,Department
JOB_000699,DEPT_0199,IN_DEPARTMENT,Job,Department
JOB_000702,DEPT_0166,IN_DEPARTMENT,Job,Department
JOB_000703,DEPT_0112,IN_DEPARTMENT,Job,Department
JOB_000704,DEPT_0130,IN_DEPARTMENT,Job,Department
JOB_000705,DEPT_0020,IN_DEPARTMENT,Job,Department
JOB_000707,DEPT_0149,IN_DEPARTMENT,Job,Department
JOB_000708,DEPT_0257,IN_DEPARTMENT,Job,Department
JOB_000716,DEPT_0245,IN_DEPARTMENT,Job,Department
JOB_000717,DEPT_0184,IN_DEPARTMENT,Job,Department
JOB_000718,DEPT_0240,IN_DEPARTMENT,Job,Department
JOB_000719,DEPT_0257,IN_DEPARTMENT,Job,Department
JOB_000720,DEPT_0102,IN_DEPARTMENT,Job,Department
JOB_000721,DEPT_0108,IN_DEPARTMENT,Job,Department
JOB_000722,DEPT_0240,IN_DEPARTMENT,Job,Department
JOB_000723,DEPT_0223,IN_DEPARTMENT,Job,Department
JOB_000724,DEPT_0102,IN_DEPARTMENT,Job,Department
JOB_000731,DEPT_0217,IN_DEPARTMENT,Job,Department
JOB_000732,DEPT_0094,IN_DEPARTMENT,Job,Department
JOB_000733,DEPT_0102,IN_DEPARTMENT,Job,Department
JOB_000734,DEPT_0096,IN_DEPARTMENT,Job,Department
JOB_000736,DEPT_0216,IN_DEPARTMENT,Job,Department
JOB_000737,DEPT_0257,IN_DEPARTMENT,Job,Department
JOB_000739,DEPT_0135,IN_DEPARTMENT,Job,Department
JOB_000740,DEPT_0102,IN_DEPARTMENT,Job,Department
JOB_000751,DEPT_0257,IN_DEPARTMENT,Job,Department
JOB_000752,DEPT_0102,IN_DEPARTMENT,Job,Department
JOB_000754,DEPT_0257,IN_DEPARTMENT,Job,Department
JOB_000755,DEPT_0214,IN_DEPARTMENT,Job,Department
JOB_000756,DEPT_0102,IN_DEPARTMENT,Job,Department
JOB_000757,DEPT_0132,IN_DEPARTMENT,Job,Department
JOB_000758,DEPT_0067,IN_DEPARTMENT,Job,Department
JOB_000760,DEPT_0159,IN_DEPARTMENT,Job,Department
JOB_000762,DEPT_0101,IN_DEPARTMENT,Job,Department
JOB_000763,DEPT_0173,IN_DEPARTMENT,Job,Department
JOB_000764,DEPT_0091,IN_DEPARTMENT,Job,Department
JOB_000765,DEPT_0140,IN_DEPARTMENT,Job,Department
JOB_000766,DEPT_0089,IN_DEPARTMENT,Job,Department
JOB_000767,DEPT_0151,IN_DEPARTMENT,Job,Department
JOB_000769,DEPT_0240,IN_DEPARTMENT,Job,Department
JOB_000770,DEPT_0246,IN_DEPARTMENT,Job,Department
JOB_000771,DEPT_0007,IN_DEPARTMENT,Job,Department
JOB_000772,DEPT_0256,IN_DEPARTMENT,Job,Department
JOB_000773,DEPT_0106,IN_DEPARTMENT,Job,Department
JOB_000774,DEPT_0257,IN_DEPARTMENT,Job,Department
JOB_000775,DEPT_0102,IN_DEPARTMENT,Job,Department
JOB_000776,DEPT_0240,IN_DEPARTMENT,Job,Department
JOB_000777,DEPT_0146,IN_DEPARTMENT,Job,Department
JOB_000778,DEPT_0246,IN_DEPARTMENT,Job,Department
JOB_000779,DEPT_0218,IN_DEPARTMENT,Job,Department
JOB_000781,DEPT_0180,IN_DEPARTMENT,Job,Department
JOB_000782,DEPT_0240,IN_DEPARTMENT,Job,Department
JOB_000784,DEPT_0020,IN_DEPARTMENT,Job,Department
JOB_000785,DEPT_0102,IN_DEPARTMENT,Job,Department
JOB_000786,DEPT_0239,IN_DEPARTMENT,Job,Department
JOB_000787,DEPT_0179,IN_DEPARTMENT,Job,Department
JOB_000788,DEPT_0224,IN_DEPARTMENT,Job,Department
JOB_000789,DEPT_0236,IN_DEPARTMENT,Job,Department
JOB_000790,DEPT_0102,IN_DEPARTMENT,Job,Department
JOB_000791,DEPT_0103,IN_DEPARTMENT,Job,Department
JOB_000792,DEPT_0102,IN_DEPARTMENT,Job,Department
JOB_000794,DEPT_0250,IN_DEPARTMENT,Job,Department
JOB_000795,DEPT_0105,IN_DEPARTMENT,Job,Department
JOB_000796,DEPT_0246,IN_DEPARTMENT,Job,Department
JOB_000797,DEPT_0243,IN_DEPARTMENT,Job,Department
JOB_000807,DEPT_0142,IN_DEPARTMENT,Job,Department
JOB_000808,DEPT_0138,IN_DEPARTMENT,Job,Department
JOB_000809,DEPT_0005,IN_DEPARTMENT,Job,Department
JOB_000810,DEPT_0204,IN_DEPARTMENT,Job,Department
JOB_000811,DEPT_0137,IN_DEPARTMENT,Job,Department
JOB_000812,DEPT_0223,IN_DEPARTMENT,Job,Department
JOB_000815,DEPT_0091,IN_DEPARTMENT,Job,Department
JOB_000825,DEPT_0102,IN_DEPARTMENT,Job,Department
JOB_000826,DEPT_0257,IN_DEPARTMENT,Job,Department
JOB_000827,DEPT_0132,IN_DEPARTMENT,Job,Department
JOB_000828,DEPT_0102,IN_DEPARTMENT,Job,Department
JOB_000831,DEPT_0069,IN_DEPARTMENT,Job,Department
JOB_000832,DEPT_0089,IN_DEPARTMENT,Job,Department
JOB_000833,DEPT_0102,IN_DEPARTMENT,Job,Department
JOB_000834,DEPT_0066,IN_DEPARTMENT,Job,Department
JOB_000845,DEPT_0119,IN_DEPARTMENT,Job,Department
JOB_000846,DEPT_0102,IN_DEPARTMENT,Job,Department
JOB_000847,DEPT_0102,IN_DEPARTMENT,Job,Department
JOB_000848,DEPT_0215,IN_DEPARTMENT,Job,Department
JOB_000849,DEPT_0089,IN_DEPARTMENT,Job,Department
JOB_000851,DEPT_0003,IN_DEPARTMENT,Job,Department
JOB_000852,DEPT_0188,IN_DEPARTMENT,Job,Department
JOB_000853,DEPT_0045,IN_DEPARTMENT,Job,Department
JOB_000854,DEPT_0102,IN_DEPARTMENT,Job,Department
JOB_000860,DEPT_0194,IN_DEPARTMENT,Job,Department
JOB_000862,DEPT_0188,IN_DEPARTMENT,Job,Department
JOB_000865,DEPT_0102,IN_DEPARTMENT,Job,Department
JOB_000867,DEPT_0131,IN_DEPARTMENT,Job,Department
JOB_000868,DEPT_0080,IN_DEPARTMENT,Job,Department
JOB_000869,DEPT_0263,IN_DEPARTMENT,Job,Department
JOB_000870,DEPT_0102,IN_DEPARTMENT,Job,Department
JOB_000871,DEPT_0257,IN_DEPARTMENT,Job,Department
JOB_000872,DEPT_0257,IN_DEPARTMENT,Job,Department
JOB_000873,DEPT_0250,IN_DEPARTMENT,Job,Department
JOB_000874,DEPT_0246,IN_DEPARTMENT,Job,Department
JOB_000875,DEPT_0102,IN_DEPARTMENT,Job,Department
JOB_000879,DEPT_0257,IN_DEPARTMENT,Job,Department
JOB_000886,DEPT_0113,IN_DEPARTMENT,Job,Department
JOB_000887,DEPT_0029,IN_DEPARTMENT,Job,Department
JOB_000888,DEPT_0198,IN_DEPARTMENT,Job,Department
JOB_000889,DEPT_0240,IN_DEPARTMENT,Job,Department
JOB_000891,DEPT_0257,IN_DEPARTMENT,Job,Department
JOB_000892,DEPT_0091,IN_DEPARTMENT,Job,Department
JOB_000893,DEPT_0189,IN_DEPARTMENT,Job,Department
JOB_000894,DEPT_0159,IN_DEPARTMENT,Job,Department
JOB_000900,DEPT_0257,IN_DEPARTMENT,Job,Department
JOB_000905,DEPT_0155,IN_DEPARTMENT,Job,Department
JOB_000906,DEPT_0086,IN_DEPARTMENT,Job,Department
JOB_000907,DEPT_0045,IN_DEPARTMENT,Job,Department
JOB_000908,DEPT_0257,IN_DEPARTMENT,Job,Department
JOB_000909,DEPT_0206,IN_DEPARTMENT,Job,Department
JOB_000911,DEPT_0159,IN_DEPARTMENT,Job,Department
JOB_000912,DEPT_0088,IN_DEPARTMENT,Job,Department
JOB_000913,DEPT_0223,IN_DEPARTMENT,Job,Department
JOB_000914,DEPT_0194,IN_DEPARTMENT,Job,Department
JOB_000917,DEPT_0257,IN_DEPARTMENT,Job,Department
JOB_000919,DEPT_0114,IN_DEPARTMENT,Job,Department
JOB_000922,DEPT_0091,IN_DEPARTMENT,Job,Department
JOB_000924,DEPT_0011,IN_DEPARTMENT,Job,Department
JOB_000936,DEPT_0024,IN_DEPARTMENT,Job,Department
JOB_000937,DEPT_0016,IN_DEPARTMENT,Job,Department
JOB_000938,DEPT_0016,IN_DEPARTMENT,Job,Department
JOB_000940,DEPT_0257,IN_DEPARTMENT,Job,Department
JOB_000942,DEPT_0240,IN_DEPARTMENT,Job,Department
JOB_000955,DEPT_0094,IN_DEPARTMENT,Job,Department
JOB_000956,DEPT_0257,IN_DEPARTMENT,Job,Department
JOB_000959,DEPT_0058,IN_DEPARTMENT,Job,Department
JOB_000960,DEPT_0187,IN_DEPARTMENT,Job,Department
JOB_000962,DEPT_0086,IN_DEPARTMENT,Job,Department
JOB_000963,DEPT_0187,IN_DEPARTMENT,Job,Department
JOB_000964,DEPT_0187,IN_DEPARTMENT,Job,Department
JOB_000975,DEPT_0195,IN_DEPARTMENT,Job,Department
JOB_000978,DEPT_0016,IN_DEPARTMENT,Job,Department
JOB_000979,DEPT_0056,IN_DEPARTMENT,Job,Department
JOB_000984,DEPT_0056,IN_DEPARTMENT,Job,Department
JOB_000989,DEPT_0056,IN_DEPARTMENT,Job,Department
JOB_000995,DEPT_0097,IN_DEPARTMENT,Job,Department
JOB_000996,DEPT_0200,IN_DEPARTMENT,Job,Department
JOB_000997,DEPT_0086,IN_DEPARTMENT,Job,Department
JOB_000999,DEPT_0257,IN_DEPARTMENT,Job,Department
JOB_001000,DEPT_0102,IN_DEPARTMENT,Job,Department
JOB_001002,DEPT_0187,IN_DEPARTMENT,Job,Department
JOB_001003,DEPT_0102,IN_DEPARTMENT,Job,Department
JOB_001015,DEPT_0187,IN_DEPARTMENT,Job,Department
JOB_001016,DEPT_0235,IN_DEPARTMENT,Job,Department
JOB_001017,DEPT_0061,IN_DEPARTMENT,Job,Department
JOB_001019,DEPT_0240,IN_DEPARTMENT,Job,Department
JOB_001021,DEPT_0218,IN_DEPARTMENT,Job,Department
JOB_001022,DEPT_0102,IN_DEPARTMENT,Job,Department
JOB_001023,DEPT_0187,IN_DEPARTMENT,Job,Department
JOB_001028,DEPT_0187,IN_DEPARTMENT,Job,Department
JOB_001029,DEPT_0166,IN_DEPARTMENT,Job,Department
JOB_001030,DEPT_0187,IN_DEPARTMENT,Job,Department
JOB_001031,DEPT_0257,IN_DEPARTMENT,Job,Department
JOB_001032,DEPT_0257,IN_DEPARTMENT,Job,Department
JOB_001034,DEPT_0187,IN_DEPARTMENT,Job,Department
JOB_001035,DEPT_0086,IN_DEPARTMENT,Job,Department
JOB_001036,DEPT_0159,IN_DEPARTMENT,Job,Department
JOB_001038,DEPT_0211,IN_DEPARTMENT,Job,Department
JOB_001039,DEPT_0091,IN_DEPARTMENT,Job,Department
JOB_001040,DEPT_0187,IN_DEPARTMENT,Job,Department
JOB_001050,DEPT_0257,IN_DEPARTMENT,Job,Department
JOB_001053,DEPT_0137,IN_DEPARTMENT,Job,Department
JOB_001054,DEPT_0257,IN_DEPARTMENT,Job,Department
JOB_001056,DEPT_0254,IN_DEPARTMENT,Job,Department
JOB_001057,DEPT_0187,IN_DEPARTMENT,Job,Department
JOB_001058,DEPT_0183,IN_DEPARTMENT,Job,Department
JOB_001059,DEPT_0180,IN_DEPARTMENT,Job,Department
JOB_001060,DEPT_0224,IN_DEPARTMENT,Job,Department
JOB_001061,DEPT_0102,IN_DEPARTMENT,Job,Department
JOB_001062,DEPT_0258,IN_DEPARTMENT,Job,Department
JOB_001063,DEPT_0184,IN_DEPARTMENT,Job,Department
JOB_001064,DEPT_0187,IN_DEPARTMENT,Job,Department
JOB_001065,DEPT_0027,IN_DEPARTMENT,Job,Department
JOB_001076,DEPT_0257,IN_DEPARTMENT,Job,Department
JOB_001077,DEPT_0016,IN_DEPARTMENT,Job,Department
JOB_001078,DEPT_0057,IN_DEPARTMENT,Job,Department
JOB_001079,DEPT_0102,IN_DEPARTMENT,Job,Department
JOB_001080,DEPT_0132,IN_DEPARTMENT,Job,Department
JOB_001081,DEPT_0257,IN_DEPARTMENT,Job,Department
JOB_001082,DEPT_0257,IN_DEPARTMENT,Job,Department
JOB_001083,DEPT_0236,IN_DEPARTMENT,Job,Department
JOB_001084,DEPT_0218,IN_DEPARTMENT,Job,Department
JOB_001085,DEPT_0097,IN_DEPARTMENT,Job,Department
JOB_001089,DEPT_0010,IN_DEPARTMENT,Job,Department
JOB_001090,DEPT_0051,IN_DEPARTMENT,Job,Department
JOB_001091,DEPT_0051,IN_DEPARTMENT,Job,Department
JOB_001092,DEPT_0102,IN_DEPARTMENT,Job,Department
JOB_001093,DEPT_0155,IN_DEPARTMENT,Job,Department
JOB_001094,DEPT_0156,IN_DEPARTMENT,Job,Department
JOB_001095,DEPT_0191,IN_DEPARTMENT,Job,Department
JOB_000001,CAT_000,BELONGS_TO,Job,Category
JOB_000002,CAT_000,BELONGS_TO,Job,Category
JOB_000003,CAT_000,BELONGS_TO,Job,Category
JOB_000004,CAT_000,BELONGS_TO,Job,Category
JOB_000009,CAT_000,BELONGS_TO,Job,Category
JOB_000011,CAT_000,BELONGS_TO,Job,Category
JOB_000012,CAT_000,BELONGS_TO,Job,Category
JOB_000013,CAT_000,BELONGS_TO,Job,Category
JOB_000014,CAT_000,BELONGS_TO,Job,Category
JOB_000015,CAT_000,BELONGS_TO,Job,Category
JOB_000016,CAT_000,BELONGS_TO,Job,Category
JOB_000017,CAT_000,BELONGS_TO,Job,Category
JOB_000018,CAT_000,BELONGS_TO,Job,Category
JOB_000029,CAT_000,BELONGS_TO,Job,Category
JOB_000030,CAT_000,BELONGS_TO,Job,Category
JOB_000031,CAT_000,BELONGS_TO,Job,Category
JOB_000032,CAT_000,BELONGS_TO,Job,Category
JOB_000033,CAT_000,BELONGS_TO,Job,Category
JOB_000034,CAT_000,BELONGS_TO,Job,Category
JOB_000035,CAT_000,BELONGS_TO,Job,Category
JOB_000036,CAT_000,BELONGS_TO,Job,Category
JOB_000038,CAT_000,BELONGS_TO,Job,Category
JOB_000049,CAT_000,BELONGS_TO,Job,Category
JOB_000050,CAT_000,BELONGS_TO,Job,Category
JOB_000051,CAT_000,BELONGS_TO,Job,Category
JOB_000052,CAT_000,BELONGS_TO,Job,Category
JOB_000053,CAT_000,BELONGS_TO,Job,Category
JOB_000054,CAT_000,BELONGS_TO,Job,Category
JOB_000056,CAT_000,BELONGS_TO,Job,Category
JOB_000057,CAT_000,BELONGS_TO,Job,Category
JOB_000067,CAT_000,BELONGS_TO,Job,Category
JOB_000069,CAT_000,BELONGS_TO,Job,Category
JOB_000070,CAT_000,BELONGS_TO,Job,Category
JOB_000071,CAT_000,BELONGS_TO,Job,Category
JOB_000072,CAT_000,BELONGS_TO,Job,Category
JOB_000073,CAT_000,BELONGS_TO,Job,Category
JOB_000075,CAT_000,BELONGS_TO,Job,Category
JOB_000079,CAT_000,BELONGS_TO,Job,Category
JOB_000085,CAT_000,BELONGS_TO,Job,Category
JOB_000088,CAT_000,BELONGS_TO,Job,Category
JOB_000089,CAT_000,BELONGS_TO,Job,Category
JOB_000090,CAT_000,BELONGS_TO,Job,Category
JOB_000092,CAT_000,BELONGS_TO,Job,Category
JOB_000093,CAT_000,BELONGS_TO,Job,Category
JOB_000094,CAT_000,BELONGS_TO,Job,Category
JOB_000095,CAT_000,BELONGS_TO,Job,Category
JOB_000096,CAT_000,BELONGS_TO,Job,Category
JOB_000097,CAT_000,BELONGS_TO,Job,Category
JOB_000098,CAT_000,BELONGS_TO,Job,Category
JOB_000100,CAT_000,BELONGS_TO,Job,Category
JOB_000101,CAT_000,BELONGS_TO,Job,Category
JOB_000102,CAT_000,BELONGS_TO,Job,Category
JOB_000103,CAT_000,BELONGS_TO,Job,Category
JOB_000104,CAT_000,BELONGS_TO,Job,Category
JOB_000105,CAT_000,BELONGS_TO,Job,Category
JOB_000106,CAT_000,BELONGS_TO,Job,Category
JOB_000107,CAT_000,BELONGS_TO,Job,Category
JOB_000108,CAT_000,BELONGS_TO,Job,Category
JOB_000109,CAT_000,BELONGS_TO,Job,Category
JOB_000110,CAT_000,BELONGS_TO,Job,Category
JOB_000112,CAT_000,BELONGS_TO,Job,Category
JOB_000113,CAT_000,BELONGS_TO,Job,Category
JOB_000114,CAT_000,BELONGS_TO,Job,Category
JOB_000116,CAT_000,BELONGS_TO,Job,Category
JOB_000117,CAT_000,BELONGS_TO,Job,Category
JOB_000118,CAT_000,BELONGS_TO,Job,Category
JOB_000120,CAT_000,BELONGS_TO,Job,Category
JOB_000121,CAT_000,BELONGS_TO,Job,Category
JOB_000122,CAT_000,BELONGS_TO,Job,Category
JOB_000123,CAT_000,BELONGS_TO,Job,Category
JOB_000125,CAT_000,BELONGS_TO,Job,Category
JOB_000127,CAT_000,BELONGS_TO,Job,Category
JOB_000128,CAT_000,BELONGS_TO,Job,Category
JOB_000129,CAT_000,BELONGS_TO,Job,Category
JOB_000130,CAT_000,BELONGS_TO,Job,Category
JOB_000131,CAT_000,BELONGS_TO,Job,Category
JOB_000132,CAT_000,BELONGS_TO,Job,Category
JOB_000133,CAT_000,BELONGS_TO,Job,Category
JOB_000134,CAT_000,BELONGS_TO,Job,Category
JOB_000136,CAT_000,BELONGS_TO,Job,Category
JOB_000137,CAT_000,BELONGS_TO,Job,Category
JOB_000138,CAT_000,BELONGS_TO,Job,Category
JOB_000139,CAT_000,BELONGS_TO,Job,Category
JOB_000140,CAT_000,BELONGS_TO,Job,Category
JOB_000141,CAT_000,BELONGS_TO,Job,Category
JOB_000142,CAT_000,BELONGS_TO,Job,Category
JOB_000143,CAT_000,BELONGS_TO,Job,Category
JOB_000144,CAT_000,BELONGS_TO,Job,Category
JOB_000146,CAT_000,BELONGS_TO,Job,Category
JOB_000147,CAT_000,BELONGS_TO,Job,Category
JOB_000148,CAT_000,BELONGS_TO,Job,Category
JOB_000149,CAT_000,BELONGS_TO,Job,Category
JOB_000150,CAT_000,BELONGS_TO,Job,Category
JOB_000151,CAT_000,BELONGS_TO,Job,Category
JOB_000152,CAT_000,BELONGS_TO,Job,Category
JOB_000154,CAT_000,BELONGS_TO,Job,Category
JOB_000155,CAT_000,BELONGS_TO,Job,Category
JOB_000156,CAT_000,BELONGS_TO,Job,Category
JOB_000157,CAT_000,BELONGS_TO,Job,Category
JOB_000158,CAT_000,BELONGS_TO,Job,Category
JOB_000159,CAT_000,BELONGS_TO,Job,Category
JOB_000160,CAT_000,BELONGS_TO,Job,Category
JOB_000161,CAT_000,BELONGS_TO,Job,Category
JOB_000162,CAT_000,BELONGS_TO,Job,Category
JOB_000163,CAT_000,BELONGS_TO,Job,Category
JOB_000164,CAT_000,BELONGS_TO,Job,Category
JOB_000165,CAT_000,BELONGS_TO,Job,Category
JOB_000176,CAT_001,BELONGS_TO,Job,Category
JOB_000177,CAT_001,BELONGS_TO,Job,Category
JOB_000178,CAT_001,BELONGS_TO,Job,Category
JOB_000179,CAT_001,BELONGS_TO,Job,Category
JOB_000180,CAT_001,BELONGS_TO,Job,Category
JOB_000181,CAT_001,BELONGS_TO,Job,Category
JOB_000182,CAT_001,BELONGS_TO,Job,Category
JOB_000183,CAT_001,BELONGS_TO,Job,Category
JOB_000184,CAT_001,BELONGS_TO,Job,Category
JOB_000192,CAT_001,BELONGS_TO,Job,Category
JOB_000203,CAT_001,BELONGS_TO,Job,Category
JOB_000204,CAT_001,BELONGS_TO,Job,Category
JOB_000205,CAT_001,BELONGS_TO,Job,Category
JOB_000206,CAT_001,BELONGS_TO,Job,Category
JOB_000207,CAT_001,BELONGS_TO,Job,Category
JOB_000208,CAT_001,BELONGS_TO,Job,Category
JOB_000209,CAT_001,BELONGS_TO,Job,Category
JOB_000210,CAT_001,BELONGS_TO,Job,Category
JOB_000211,CAT_001,BELONGS_TO,Job,Category
JOB_000212,CAT_001,BELONGS_TO,Job,Category
JOB_000213,CAT_001,BELONGS_TO,Job,Category
JOB_000215,CAT_001,BELONGS_TO,Job,Category
JOB_000216,CAT_001,BELONGS_TO,Job,Category
JOB_000217,CAT_001,BELONGS_TO,Job,Category
JOB_000218,CAT_001,BELONGS_TO,Job,Category
JOB_000219,CAT_001,BELONGS_TO,Job,Category
JOB_000220,CAT_001,BELONGS_TO,Job,Category
JOB_000221,CAT_001,BELONGS_TO,Job,Category
JOB_000222,CAT_001,BELONGS_TO,Job,Category
JOB_000223,CAT_001,BELONGS_TO,Job,Category
JOB_000224,CAT_001,BELONGS_TO,Job,Category
JOB_000225,CAT_001,BELONGS_TO,Job,Category
JOB_000226,CAT_001,BELONGS_TO,Job,Category
JOB_000227,CAT_001,BELONGS_TO,Job,Category
JOB_000229,CAT_001,BELONGS_TO,Job,Category
JOB_000230,CAT_001,BELONGS_TO,Job,Category
JOB_000231,CAT_001,BELONGS_TO,Job,Category
JOB_000232,CAT_001,BELONGS_TO,Job,Category
JOB_000233,CAT_001,BELONGS_TO,Job,Category
JOB_000234,CAT_001,BELONGS_TO,Job,Category
JOB_000235,CAT_001,BELONGS_TO,Job,Category
JOB_000236,CAT_001,BELONGS_TO,Job,Category
JOB_000246,CAT_001,BELONGS_TO,Job,Category
JOB_000247,CAT_001,BELONGS_TO,Job,Category
JOB_000248,CAT_001,BELONGS_TO,Job,Category
JOB_000249,CAT_001,BELONGS_TO,Job,Category
JOB_000250,CAT_001,BELONGS_TO,Job,Category
JOB_000251,CAT_001,BELONGS_TO,Job,Category
JOB_000252,CAT_001,BELONGS_TO,Job,Category
JOB_000253,CAT_001,BELONGS_TO,Job,Category
JOB_000254,CAT_001,BELONGS_TO,Job,Category
JOB_000255,CAT_001,BELONGS_TO,Job,Category
JOB_000256,CAT_001,BELONGS_TO,Job,Category
JOB_000259,CAT_001,BELONGS_TO,Job,Category
JOB_000260,CAT_001,BELONGS_TO,Job,Category
JOB_000261,CAT_001,BELONGS_TO,Job,Category
JOB_000262,CAT_001,BELONGS_TO,Job,Category
JOB_000263,CAT_001,BELONGS_TO,Job,Category
JOB_000265,CAT_001,BELONGS_TO,Job,Category
JOB_000266,CAT_001,BELONGS_TO,Job,Category
JOB_000267,CAT_001,BELONGS_TO,Job,Category
JOB_000268,CAT_001,BELONGS_TO,Job,Category
JOB_000270,CAT_001,BELONGS_TO,Job,Category
JOB_000271,CAT_001,BELONGS_TO,Job,Category
JOB_000272,CAT_001,BELONGS_TO,Job,Category
JOB_000273,CAT_001,BELONGS_TO,Job,Category
JOB_000274,CAT_001,BELONGS_TO,Job,Category
JOB_000275,CAT_001,BELONGS_TO,Job,Category
JOB_000277,CAT_001,BELONGS_TO,Job,Category
JOB_000278,CAT_001,BELONGS_TO,Job,Category
JOB_000280,CAT_001,BELONGS_TO,Job,Category
JOB_000281,CAT_001,BELONGS_TO,Job,Category
JOB_000282,CAT_001,BELONGS_TO,Job,Category
JOB_000283,CAT_001,BELONGS_TO,Job,Category
JOB_000284,CAT_001,BELONGS_TO,Job,Category
JOB_000287,CAT_001,BELONGS_TO,Job,Category
JOB_000289,CAT_001,BELONGS_TO,Job,Category
JOB_000293,CAT_001,BELONGS_TO,Job,Category
JOB_000294,CAT_001,BELONGS_TO,Job,Category
JOB_000295,CAT_001,BELONGS_TO,Job,Category
JOB_000296,CAT_001,BELONGS_TO,Job,Category
JOB_000297,CAT_001,BELONGS_TO,Job,Category
JOB_000298,CAT_001,BELONGS_TO,Job,Category
JOB_000299,CAT_001,BELONGS_TO,Job,Category
JOB_000300,CAT_001,BELONGS_TO,Job,Category
JOB_000301,CAT_001,BELONGS_TO,Job,Category
JOB_000302,CAT_001,BELONGS_TO,Job,Category
JOB_000303,CAT_001,BELONGS_TO,Job,Category
JOB_000304,CAT_001,BELONGS_TO,Job,Category
JOB_000305,CAT_001,BELONGS_TO,Job,Category
JOB_000306,CAT_001,BELONGS_TO,Job,Category
JOB_000314,CAT_001,BELONGS_TO,Job,Category
JOB_000317,CAT_001,BELONGS_TO,Job,Category
JOB_000319,CAT_001,BELONGS_TO,Job,Category
JOB_000320,CAT_001,BELONGS_TO,Job,Category
JOB_000322,CAT_001,BELONGS_TO,Job,Category
JOB_000323,CAT_001,BELONGS_TO,Job,Category
JOB_000324,CAT_001,BELONGS_TO,Job,Category
JOB_000325,CAT_001,BELONGS_TO,Job,Category
JOB_000326,CAT_001,BELONGS_TO,Job,Category
JOB_000327,CAT_001,BELONGS_TO,Job,Category
JOB_000328,CAT_001,BELONGS_TO,Job,Category
JOB_000329,CAT_001,BELONGS_TO,Job,Category
JOB_000330,CAT_001,BELONGS_TO,Job,Category
JOB_000331,CAT_001,BELONGS_TO,Job,Category
JOB_000332,CAT_001,BELONGS_TO,Job,Category
JOB_000333,CAT_001,BELONGS_TO,Job,Category
JOB_000335,CAT_001,BELONGS_TO,Job,Category
JOB_000337,CAT_001,BELONGS_TO,Job,Category
JOB_000338,CAT_001,BELONGS_TO,Job,Category
JOB_000340,CAT_001,BELONGS_TO,Job,Category
JOB_000341,CAT_001,BELONGS_TO,Job,Category
JOB_000342,CAT_001,BELONGS_TO,Job,Category
JOB_000343,CAT_001,BELONGS_TO,Job,Category
JOB_000345,CAT_001,BELONGS_TO,Job,Category
JOB_000346,CAT_002,BELONGS_TO,Job,Category
JOB_000348,CAT_002,BELONGS_TO,Job,Category
JOB_000349,CAT_002,BELONGS_TO,Job,Category
JOB_000350,CAT_002,BELONGS_TO,Job,Category
JOB_000351,CAT_002,BELONGS_TO,Job,Category
JOB_000352,CAT_002,BELONGS_TO,Job,Category
JOB_000354,CAT_002,BELONGS_TO,Job,Category
JOB_000368,CAT_002,BELONGS_TO,Job,Category
JOB_000369,CAT_002,BELONGS_TO,Job,Category
JOB_000370,CAT_002,BELONGS_TO,Job,Category
JOB_000371,CAT_002,BELONGS_TO,Job,Category
JOB_000372,CAT_002,BELONGS_TO,Job,Category
JOB_000373,CAT_002,BELONGS_TO,Job,Category
JOB_000374,CAT_002,BELONGS_TO,Job,Category
JOB_000375,CAT_002,BELONGS_TO,Job,Category
JOB_000376,CAT_002,BELONGS_TO,Job,Category
JOB_000377,CAT_002,BELONGS_TO,Job,Category
JOB_000379,CAT_002,BELONGS_TO,Job,Category
JOB_000380,CAT_002,BELONGS_TO,Job,Category
JOB_000381,CAT_002,BELONGS_TO,Job,Category
JOB_000382,CAT_002,BELONGS_TO,Job,Category
JOB_000383,CAT_002,BELONGS_TO,Job,Category
JOB_000385,CAT_002,BELONGS_TO,Job,Category
JOB_000387,CAT_002,BELONGS_TO,Job,Category
JOB_000396,CAT_002,BELONGS_TO,Job,Category
JOB_000399,CAT_002,BELONGS_TO,Job,Category
JOB_000401,CAT_002,BELONGS_TO,Job,Category
JOB_000402,CAT_002,BELONGS_TO,Job,Category
JOB_000403,CAT_002,BELONGS_TO,Job,Category
JOB_000404,CAT_002,BELONGS_TO,Job,Category
JOB_000405,CAT_002,BELONGS_TO,Job,Category
JOB_000406,CAT_002,BELONGS_TO,Job,Category
JOB_000408,CAT_002,BELONGS_TO,Job,Category
JOB_000409,CAT_002,BELONGS_TO,Job,Category
JOB_000410,CAT_002,BELONGS_TO,Job,Category
JOB_000411,CAT_002,BELONGS_TO,Job,Category
JOB_000412,CAT_002,BELONGS_TO,Job,Category
JOB_000413,CAT_002,BELONGS_TO,Job,Category
JOB_000414,CAT_002,BELONGS_TO,Job,Category
JOB_000415,CAT_002,BELONGS_TO,Job,Category
JOB_000416,CAT_002,BELONGS_TO,Job,Category
JOB_000417,CAT_002,BELONGS_TO,Job,Category
JOB_000418,CAT_002,BELONGS_TO,Job,Category
JOB_000419,CAT_002,BELONGS_TO,Job,Category
JOB_000421,CAT_002,BELONGS_TO,Job,Category
JOB_000422,CAT_002,BELONGS_TO,Job,Category
JOB_000424,CAT_002,BELONGS_TO,Job,Category
JOB_000426,CAT_002,BELONGS_TO,Job,Category
JOB_000428,CAT_002,BELONGS_TO,Job,Category
JOB_000429,CAT_002,BELONGS_TO,Job,Category
JOB_000430,CAT_002,BELONGS_TO,Job,Category
JOB_000431,CAT_002,BELONGS_TO,Job,Category
JOB_000432,CAT_002,BELONGS_TO,Job,Category
JOB_000433,CAT_002,BELONGS_TO,Job,Category
JOB_000434,CAT_002,BELONGS_TO,Job,Category
JOB_000436,CAT_002,BELONGS_TO,Job,Category
JOB_000437,CAT_002,BELONGS_TO,Job,Category
JOB_000438,CAT_002,BELONGS_TO,Job,Category
JOB_000439,CAT_002,BELONGS_TO,Job,Category
JOB_000440,CAT_002,BELONGS_TO,Job,Category
JOB_000442,CAT_002,BELONGS_TO,Job,Category
JOB_000443,CAT_002,BELONGS_TO,Job,Category
JOB_000444,CAT_002,BELONGS_TO,Job,Category
JOB_000445,CAT_002,BELONGS_TO,Job,Category
JOB_000447,CAT_002,BELONGS_TO,Job,Category
JOB_000448,CAT_002,BELONGS_TO,Job,Category
JOB_000449,CAT_002,BELONGS_TO,Job,Category
JOB_000451,CAT_002,BELONGS_TO,Job,Category
JOB_000452,CAT_002,BELONGS_TO,Job,Category
JOB_000453,CAT_002,BELONGS_TO,Job,Category
JOB_000454,CAT_002,BELONGS_TO,Job,Category
JOB_000455,CAT_002,BELONGS_TO,Job,Category
JOB_000456,CAT_002,BELONGS_TO,Job,Category
JOB_000457,CAT_002,BELONGS_TO,Job,Category
JOB_000458,CAT_002,BELONGS_TO,Job,Category
JOB_000459,CAT_002,BELONGS_TO,Job,Category
JOB_000460,CAT_002,BELONGS_TO,Job,Category
JOB_000461,CAT_002,BELONGS_TO,Job,Category
JOB_000462,CAT_002,BELONGS_TO,Job,Category
JOB_000463,CAT_002,BELONGS_TO,Job,Category
JOB_000464,CAT_002,BELONGS_TO,Job,Category
JOB_000466,CAT_002,BELONGS_TO,Job,Category
JOB_000467,CAT_002,BELONGS_TO,Job,Category
JOB_000468,CAT_002,BELONGS_TO,Job,Category
JOB_000469,CAT_002,BELONGS_TO,Job,Category
JOB_000470,CAT_002,BELONGS_TO,Job,Category
JOB_000471,CAT_002,BELONGS_TO,Job,Category
JOB_000472,CAT_002,BELONGS_TO,Job,Category
JOB_000473,CAT_002,BELONGS_TO,Job,Category
JOB_000474,CAT_002,BELONGS_TO,Job,Category
JOB_000475,CAT_002,BELONGS_TO,Job,Category
JOB_000476,CAT_002,BELONGS_TO,Job,Category
JOB_000477,CAT_002,BELONGS_TO,Job,Category
JOB_000478,CAT_002,BELONGS_TO,Job,Category
JOB_000488,CAT_002,BELONGS_TO,Job,Category
JOB_000491,CAT_002,BELONGS_TO,Job,Category
JOB_000493,CAT_002,BELONGS_TO,Job,Category
JOB_000494,CAT_002,BELONGS_TO,Job,Category
JOB_000496,CAT_002,BELONGS_TO,Job,Category
JOB_000497,CAT_002,BELONGS_TO,Job,Category
JOB_000498,CAT_002,BELONGS_TO,Job,Category
JOB_000500,CAT_002,BELONGS_TO,Job,Category
JOB_000501,CAT_002,BELONGS_TO,Job,Category
JOB_000503,CAT_002,BELONGS_TO,Job,Category
JOB_000505,CAT_002,BELONGS_TO,Job,Category
JOB_000507,CAT_002,BELONGS_TO,Job,Category
JOB_000508,CAT_002,BELONGS_TO,Job,Category
JOB_000510,CAT_002,BELONGS_TO,Job,Category
JOB_000511,CAT_002,BELONGS_TO,Job,Category
JOB_000512,CAT_002,BELONGS_TO,Job,Category
JOB_000513,CAT_002,BELONGS_TO,Job,Category
JOB_000514,CAT_002,BELONGS_TO,Job,Category
JOB_000515,CAT_002,BELONGS_TO,Job,Category
JOB_000516,CAT_002,BELONGS_TO,Job,Category
JOB_000517,CAT_002,BELONGS_TO,Job,Category
JOB_000518,CAT_002,BELONGS_TO,Job,Category
JOB_000519,CAT_002,BELONGS_TO,Job,Category
JOB_000520,CAT_002,BELONGS_TO,Job,Category
JOB_000521,CAT_002,BELONGS_TO,Job,Category
JOB_000522,CAT_002,BELONGS_TO,Job,Category
JOB_000523,CAT_002,BELONGS_TO,Job,Category
JOB_000524,CAT_002,BELONGS_TO,Job,Category
JOB_000526,CAT_002,BELONGS_TO,Job,Category
JOB_000527,CAT_002,BELONGS_TO,Job,Category
JOB_000529,CAT_002,BELONGS_TO,Job,Category
JOB_000531,CAT_002,BELONGS_TO,Job,Category
JOB_000534,CAT_002,BELONGS_TO,Job,Category
JOB_000535,CAT_002,BELONGS_TO,Job,Category
JOB_000536,CAT_003,BELONGS_TO,Job,Category
JOB_000537,CAT_003,BELONGS_TO,Job,Category
JOB_000538,CAT_003,BELONGS_TO,Job,Category
JOB_000540,CAT_003,BELONGS_TO,Job,Category
JOB_000541,CAT_003,BELONGS_TO,Job,Category
JOB_000542,CAT_003,BELONGS_TO,Job,Category
JOB_000543,CAT_003,BELONGS_TO,Job,Category
JOB_000544,CAT_003,BELONGS_TO,Job,Category
JOB_000545,CAT_003,BELONGS_TO,Job,Category
JOB_000546,CAT_003,BELONGS_TO,Job,Category
JOB_000553,CAT_003,BELONGS_TO,Job,Category
JOB_000563,CAT_003,BELONGS_TO,Job,Category
JOB_000566,CAT_003,BELONGS_TO,Job,Category
JOB_000567,CAT_003,BELONGS_TO,Job,Category
JOB_000568,CAT_003,BELONGS_TO,Job,Category
JOB_000569,CAT_003,BELONGS_TO,Job,Category
JOB_000570,CAT_003,BELONGS_TO,Job,Category
JOB_000571,CAT_003,BELONGS_TO,Job,Category
JOB_000572,CAT_003,BELONGS_TO,Job,Category
JOB_000574,CAT_003,BELONGS_TO,Job,Category
JOB_000582,CAT_003,BELONGS_TO,Job,Category
JOB_000583,CAT_003,BELONGS_TO,Job,Category
JOB_000584,CAT_003,BELONGS_TO,Job,Category
JOB_000585,CAT_003,BELONGS_TO,Job,Category
JOB_000586,CAT_003,BELONGS_TO,Job,Category
JOB_000587,CAT_003,BELONGS_TO,Job,Category
JOB_000589,CAT_003,BELONGS_TO,Job,Category
JOB_000590,CAT_003,BELONGS_TO,Job,Category
JOB_000592,CAT_003,BELONGS_TO,Job,Category
JOB_000593,CAT_003,BELONGS_TO,Job,Category
JOB_000594,CAT_003,BELONGS_TO,Job,Category
JOB_000595,CAT_003,BELONGS_TO,Job,Category
JOB_000596,CAT_003,BELONGS_TO,Job,Category
JOB_000597,CAT_003,BELONGS_TO,Job,Category
JOB_000598,CAT_003,BELONGS_TO,Job,Category
JOB_000599,CAT_003,BELONGS_TO,Job,Category
JOB_000601,CAT_003,BELONGS_TO,Job,Category
JOB_000603,CAT_003,BELONGS_TO,Job,Category
JOB_000604,CAT_003,BELONGS_TO,Job,Category
JOB_000605,CAT_003,BELONGS_TO,Job,Category
JOB_000606,CAT_003,BELONGS_TO,Job,Category
JOB_000607,CAT_003,BELONGS_TO,Job,Category
JOB_000608,CAT_003,BELONGS_TO,Job,Category
JOB_000609,CAT_003,BELONGS_TO,Job,Category
JOB_000611,CAT_003,BELONGS_TO,Job,Category
JOB_000612,CAT_003,BELONGS_TO,Job,Category
JOB_000613,CAT_003,BELONGS_TO,Job,Category
JOB_000616,CAT_003,BELONGS_TO,Job,Category
JOB_000617,CAT_003,BELONGS_TO,Job,Category
JOB_000619,CAT_003,BELONGS_TO,Job,Category
JOB_000621,CAT_003,BELONGS_TO,Job,Category
JOB_000622,CAT_003,BELONGS_TO,Job,Category
JOB_000623,CAT_003,BELONGS_TO,Job,Category
JOB_000624,CAT_003,BELONGS_TO,Job,Category
JOB_000626,CAT_003,BELONGS_TO,Job,Category
JOB_000627,CAT_003,BELONGS_TO,Job,Category
JOB_000638,CAT_003,BELONGS_TO,Job,Category
JOB_000639,CAT_003,BELONGS_TO,Job,Category
JOB_000640,CAT_003,BELONGS_TO,Job,Category
JOB_000641,CAT_003,BELONGS_TO,Job,Category
JOB_000642,CAT_003,BELONGS_TO,Job,Category
JOB_000644,CAT_003,BELONGS_TO,Job,Category
JOB_000645,CAT_003,BELONGS_TO,Job,Category
JOB_000646,CAT_003,BELONGS_TO,Job,Category
JOB_000658,CAT_003,BELONGS_TO,Job,Category
JOB_000660,CAT_003,BELONGS_TO,Job,Category
JOB_000661,CAT_003,BELONGS_TO,Job,Category
JOB_000662,CAT_003,BELONGS_TO,Job,Category
JOB_000663,CAT_003,BELONGS_TO,Job,Category
JOB_000664,CAT_003,BELONGS_TO,Job,Category
JOB_000665,CAT_003,BELONGS_TO,Job,Category
JOB_000666,CAT_003,BELONGS_TO,Job,Category
JOB_000667,CAT_003,BELONGS_TO,Job,Category
JOB_000669,CAT_003,BELONGS_TO,Job,Category
JOB_000670,CAT_003,BELONGS_TO,Job,Category
JOB_000671,CAT_003,BELONGS_TO,Job,Category
JOB_000672,CAT_003,BELONGS_TO,Job,Category
JOB_000673,CAT_003,BELONGS_TO,Job,Category
JOB_000674,CAT_003,BELONGS_TO,Job,Category
JOB_000677,CAT_003,BELONGS_TO,Job,Category
JOB_000678,CAT_003,BELONGS_TO,Job,Category
JOB_000679,CAT_003,BELONGS_TO,Job,Category
JOB_000681,CAT_003,BELONGS_TO,Job,Category
JOB_000682,CAT_003,BELONGS_TO,Job,Category
JOB_000683,CAT_003,BELONGS_TO,Job,Category
JOB_000684,CAT_003,BELONGS_TO,Job,Category
JOB_000686,CAT_003,BELONGS_TO,Job,Category
JOB_000687,CAT_003,BELONGS_TO,Job,Category
JOB_000688,CAT_003,BELONGS_TO,Job,Category
JOB_000689,CAT_003,BELONGS_TO,Job,Category
JOB_000690,CAT_003,BELONGS_TO,Job,Category
JOB_000691,CAT_003,BELONGS_TO,Job,Category
JOB_000692,CAT_003,BELONGS_TO,Job,Category
JOB_000693,CAT_003,BELONGS_TO,Job,Category
JOB_000694,CAT_003,BELONGS_TO,Job,Category
JOB_000695,CAT_003,BELONGS_TO,Job,Category
JOB_000696,CAT_003,BELONGS_TO,Job,Category
JOB_000697,CAT_003,BELONGS_TO,Job,Category
JOB_000698,CAT_003,BELONGS_TO,Job,Category
JOB_000699,CAT_003,BELONGS_TO,Job,Category
JOB_000702,CAT_003,BELONGS_TO,Job,Category
JOB_000703,CAT_003,BELONGS_TO,Job,Category
JOB_000704,CAT_003,BELONGS_TO,Job,Category
JOB_000705,CAT_003,BELONGS_TO,Job,Category
JOB_000707,CAT_003,BELONGS_TO,Job,Category
JOB_000708,CAT_003,BELONGS_TO,Job,Category
JOB_000716,CAT_004,BELONGS_TO,Job,Category
JOB_000717,CAT_004,BELONGS_TO,Job,Category
JOB_000718,CAT_004,BELONGS_TO,Job,Category
JOB_000719,CAT_004,BELONGS_TO,Job,Category
JOB_000720,CAT_004,BELONGS_TO,Job,Category
JOB_000721,CAT_004,BELONGS_TO,Job,Category
JOB_000722,CAT_004,BELONGS_TO,Job,Category
JOB_000723,CAT_004,BELONGS_TO,Job,Category
JOB_000724,CAT_004,BELONGS_TO,Job,Category
JOB_000731,CAT_004,BELONGS_TO,Job,Category
JOB_000732,CAT_004,BELONGS_TO,Job,Category
JOB_000733,CAT_004,BELONGS_TO,Job,Category
JOB_000734,CAT_004,BELONGS_TO,Job,Category
JOB_000736,CAT_004,BELONGS_TO,Job,Category
JOB_000737,CAT_004,BELONGS_TO,Job,Category
JOB_000739,CAT_004,BELONGS_TO,Job,Category
JOB_000740,CAT_004,BELONGS_TO,Job,Category
JOB_000751,CAT_004,BELONGS_TO,Job,Category
JOB_000752,CAT_004,BELONGS_TO,Job,Category
JOB_000754,CAT_004,BELONGS_TO,Job,Category
JOB_000755,CAT_004,BELONGS_TO,Job,Category
JOB_000756,CAT_004,BELONGS_TO,Job,Category
JOB_000757,CAT_004,BELONGS_TO,Job,Category
JOB_000758,CAT_004,BELONGS_TO,Job,Category
JOB_000760,CAT_004,BELONGS_TO,Job,Category
JOB_000762,CAT_004,BELONGS_TO,Job,Category
JOB_000763,CAT_004,BELONGS_TO,Job,Category
JOB_000764,CAT_004,BELONGS_TO,Job,Category
JOB_000765,CAT_004,BELONGS_TO,Job,Category
JOB_000766,CAT_004,BELONGS_TO,Job,Category
JOB_000767,CAT_004,BELONGS_TO,Job,Category
JOB_000769,CAT_004,BELONGS_TO,Job,Category
JOB_000770,CAT_004,BELONGS_TO,Job,Category
JOB_000771,CAT_004,BELONGS_TO,Job,Category
JOB_000772,CAT_004,BELONGS_TO,Job,Category
JOB_000773,CAT_004,BELONGS_TO,Job,Category
JOB_000774,CAT_004,BELONGS_TO,Job,Category
JOB_000775,CAT_004,BELONGS_TO,Job,Category
JOB_000776,CAT_004,BELONGS_TO,Job,Category
JOB_000777,CAT_004,BELONGS_TO,Job,Category
JOB_000778,CAT_004,BELONGS_TO,Job,Category
JOB_000779,CAT_004,BELONGS_TO,Job,Category
JOB_000781,CAT_004,BELONGS_TO,Job,Category
JOB_000782,CAT_004,BELONGS_TO,Job,Category
JOB_000784,CAT_004,BELONGS_TO,Job,Category
JOB_000785,CAT_004,BELONGS_TO,Job,Category
JOB_000786,CAT_004,BELONGS_TO,Job,Category
JOB_000787,CAT_004,BELONGS_TO,Job,Category
JOB_000788,CAT_004,BELONGS_TO,Job,Category
JOB_000789,CAT_004,BELONGS_TO,Job,Category
JOB_000790,CAT_004,BELONGS_TO,Job,Category
JOB_000791,CAT_004,BELONGS_TO,Job,Category
JOB_000792,CAT_004,BELONGS_TO,Job,Category
JOB_000794,CAT_004,BELONGS_TO,Job,Category
JOB_000795,CAT_004,BELONGS_TO,Job,Category
JOB_000796,CAT_004,BELONGS_TO,Job,Category
JOB_000797,CAT_004,BELONGS_TO,Job,Category
JOB_000807,CAT_004,BELONGS_TO,Job,Category
JOB_000808,CAT_004,BELONGS_TO,Job,Category
JOB_000809,CAT_004,BELONGS_TO,Job,Category
JOB_000810,CAT_004,BELONGS_TO,Job,Category
JOB_000811,CAT_004,BELONGS_TO,Job,Category
JOB_000812,CAT_004,BELONGS_TO,Job,Category
JOB_000815,CAT_004,BELONGS_TO,Job,Category
JOB_000825,CAT_004,BELONGS_TO,Job,Category
JOB_000826,CAT_004,BELONGS_TO,Job,Category
JOB_000827,CAT_004,BELONGS_TO,Job,Category
JOB_000828,CAT_004,BELONGS_TO,Job,Category
JOB_000831,CAT_004,BELONGS_TO,Job,Category
JOB_000832,CAT_004,BELONGS_TO,Job,Category
JOB_000833,CAT_004,BELONGS_TO,Job,Category
JOB_000834,CAT_004,BELONGS_TO,Job,Category
JOB_000845,CAT_004,BELONGS_TO,Job,Category
JOB_000846,CAT_004,BELONGS_TO,Job,Category
JOB_000847,CAT_004,BELONGS_TO,Job,Category
JOB_000848,CAT_004,BELONGS_TO,Job,Category
JOB_000849,CAT_004,BELONGS_TO,Job,Category
JOB_000851,CAT_004,BELONGS_TO,Job,Category
JOB_000852,CAT_004,BELONGS_TO,Job,Category
JOB_000853,CAT_004,BELONGS_TO,Job,Category
JOB_000854,CAT_004,BELONGS_TO,Job,Category
JOB_000860,CAT_004,BELONGS_TO,Job,Category
JOB_000862,CAT_004,BELONGS_TO,Job,Category
JOB_000865,CAT_004,BELONGS_TO,Job,Category
JOB_000867,CAT_004,BELONGS_TO,Job,Category
JOB_000868,CAT_004,BELONGS_TO,Job,Category
JOB_000869,CAT_004,BELONGS_TO,Job,Category
JOB_000870,CAT_004,BELONGS_TO,Job,Category
JOB_000871,CAT_004,BELONGS_TO,Job,Category
JOB_000872,CAT_004,BELONGS_TO,Job,Category
JOB_000873,CAT_004,BELONGS_TO,Job,Category
JOB_000874,CAT_004,BELONGS_TO,Job,Category
JOB_000875,CAT_004,BELONGS_TO,Job,Category
JOB_000879,CAT_004,BELONGS_TO,Job,Category
JOB_000886,CAT_004,BELONGS_TO,Job,Category
JOB_000887,CAT_004,BELONGS_TO,Job,Category
JOB_000888,CAT_004,BELONGS_TO,Job,Category
JOB_000889,CAT_004,BELONGS_TO,Job,Category
JOB_000891,CAT_004,BELONGS_TO,Job,Category
JOB_000892,CAT_004,BELONGS_TO,Job,Category
JOB_000893,CAT_004,BELONGS_TO,Job,Category
JOB_000894,CAT_004,BELONGS_TO,Job,Category
JOB_000900,CAT_004,BELONGS_TO,Job,Category
JOB_000905,CAT_005,BELONGS_TO,Job,Category
JOB_000906,CAT_005,BELONGS_TO,Job,Category
JOB_000907,CAT_005,BELONGS_TO,Job,Category
JOB_000908,CAT_005,BELONGS_TO,Job,Category
JOB_000909,CAT_005,BELONGS_TO,Job,Category
JOB_000911,CAT_005,BELONGS_TO,Job,Category
JOB_000912,CAT_005,BELONGS_TO,Job,Category
JOB_000913,CAT_005,BELONGS_TO,Job,Category
JOB_000914,CAT_005,BELONGS_TO,Job,Category
JOB_000917,CAT_005,BELONGS_TO,Job,Category
JOB_000919,CAT_005,BELONGS_TO,Job,Category
JOB_000922,CAT_005,BELONGS_TO,Job,Category
JOB_000924,CAT_005,BELONGS_TO,Job,Category
JOB_000936,CAT_005,BELONGS_TO,Job,Category
JOB_000937,CAT_005,BELONGS_TO,Job,Category
JOB_000938,CAT_005,BELONGS_TO,Job,Category
JOB_000940,CAT_005,BELONGS_TO,Job,Category
JOB_000942,CAT_005,BELONGS_TO,Job,Category
JOB_000955,CAT_005,BELONGS_TO,Job,Category
JOB_000956,CAT_005,BELONGS_TO,Job,Category
JOB_000959,CAT_005,BELONGS_TO,Job,Category
JOB_000960,CAT_005,BELONGS_TO,Job,Category
JOB_000962,CAT_005,BELONGS_TO,Job,Category
JOB_000963,CAT_005,BELONGS_TO,Job,Category
JOB_000964,CAT_005,BELONGS_TO,Job,Category
JOB_000975,CAT_005,BELONGS_TO,Job,Category
JOB_000978,CAT_005,BELONGS_TO,Job,Category
JOB_000979,CAT_005,BELONGS_TO,Job,Category
JOB_000984,CAT_005,BELONGS_TO,Job,Category
JOB_000989,CAT_005,BELONGS_TO,Job,Category
JOB_000995,CAT_005,BELONGS_TO,Job,Category
JOB_000996,CAT_005,BELONGS_TO,Job,Category
JOB_000997,CAT_005,BELONGS_TO,Job,Category
JOB_000999,CAT_005,BELONGS_TO,Job,Category
JOB_001000,CAT_005,BELONGS_TO,Job,Category
JOB_001002,CAT_005,BELONGS_TO,Job,Category
JOB_001003,CAT_005,BELONGS_TO,Job,Category
JOB_001015,CAT_005,BELONGS_TO,Job,Category
JOB_001016,CAT_005,BELONGS_TO,Job,Category
JOB_001017,CAT_005,BELONGS_TO,Job,Category
JOB_001019,CAT_005,BELONGS_TO,Job,Category
JOB_001021,CAT_005,BELONGS_TO,Job,Category
JOB_001022,CAT_005,BELONGS_TO,Job,Category
JOB_001023,CAT_005,BELONGS_TO,Job,Category
JOB_001028,CAT_005,BELONGS_TO,Job,Category
JOB_001029,CAT_005,BELONGS_TO,Job,Category
JOB_001030,CAT_005,BELONGS_TO,Job,Category
JOB_001031,CAT_005,BELONGS_TO,Job,Category
JOB_001032,CAT_005,BELONGS_TO,Job,Category
JOB_001034,CAT_005,BELONGS_TO,Job,Category
JOB_001035,CAT_005,BELONGS_TO,Job,Category
JOB_001036,CAT_005,BELONGS_TO,Job,Category
JOB_001038,CAT_005,BELONGS_TO,Job,Category
JOB_001039,CAT_005,BELONGS_TO,Job,Category
JOB_001040,CAT_005,BELONGS_TO,Job,Category
JOB_001050,CAT_005,BELONGS_TO,Job,Category
JOB_001053,CAT_005,BELONGS_TO,Job,Category
JOB_001054,CAT_005,BELONGS_TO,Job,Category
JOB_001056,CAT_005,BELONGS_TO,Job,Category
JOB_001057,CAT_005,BELONGS_TO,Job,Category
JOB_001058,CAT_005,BELONGS_TO,Job,Category
JOB_001059,CAT_005,BELONGS_TO,Job,Category
JOB_001060,CAT_005,BELONGS_TO,Job,Category
JOB_001061,CAT_005,BELONGS_TO,Job,Category
JOB_001062,CAT_005,BELONGS_TO,Job,Category
JOB_001063,CAT_005,BELONGS_TO,Job,Category
JOB_001064,CAT_005,BELONGS_TO,Job,Category
JOB_001065,CAT_005,BELONGS_TO,Job,Category
JOB_001076,CAT_005,BELONGS_TO,Job,Category
JOB_001077,CAT_005,BELONGS_TO,Job,Category
JOB_001078,CAT_005,BELONGS_TO,Job,Category
JOB_001079,CAT_005,BELONGS_TO,Job,Category
JOB_001080,CAT_005,BELONGS_TO,Job,Category
JOB_001081,CAT_005,BELONGS_TO,Job,Category
JOB_001082,CAT_005,BELONGS_TO,Job,Category
JOB_001083,CAT_005,BELONGS_TO,Job,Category
JOB_001084,CAT_005,BELONGS_TO,Job,Category
JOB_001085,CAT_005,BELONGS_TO,Job,Category
JOB_001089,CAT_005,BELONGS_TO,Job,Category
JOB_001090,CAT_005,BELONGS_TO,Job,Category
JOB_001091,CAT_005,BELONGS_TO,Job,Category
JOB_001092,CAT_005,BELONGS_TO,Job,Category
JOB_001093,CAT_005,BELONGS_TO,Job,Category
JOB_001094,CAT_005,BELONGS_TO,Job,Category
JOB_001095,CAT_005,BELONGS_TO,Job,Category
